URL,Status
https://www.newyorkspecialed.net/districts/nyc-district-24-maspeth/discipline-rights.html  ,404
https://www.newyorkspecialed.net/cse-meeting,404
https://www.newyorkspecialed.net/districts/nyc-district-04-east-harlem/evaluation-process.html ,404
https://www.newyorkspecialed.net/central-islip-ufsd/cse-meeting-guide.html,404
https://www.newyorkspecialed.net/guides/service-delivery-models/index.html,404
https://www.newyorkspecialed.net/guides/iep-development/index.html,404
https://www.newyorkspecialed.net/districts/nyc-district-32-bushwick/guides/index.html,404
https://www.newyorkspecialed.net/districts/nyc-district-14-williamsburg/guides/index.html,404
https://www.newyorkspecialed.net/districts/nyc-district-10-fordham-riverdale/que-es-un-iep-riverdale.html,404
https://www.newyorkspecialed.net/districts/yonker-city-sd/cse-meeting-guide.html,404
