PR,URL,Title,Content type,Is rendered page,HTTP status code,Organic traffic,Depth,Is indexable page,No. of all inlinks,First found at
0,https://www.newyorkspecialed.net/districts/white-plains-city-sd/leadership-directory/,,text/plain; charset=utf-8,false,404,0,1,false,9,https://www.newyorkspecialed.net/districts/white-plains-city-sd/evaluation-process.html
0,https://www.newyorkspecialed.net/districts/buffalo-city-sd/special-ed-updates/,,text/plain; charset=utf-8,false,404,0,1,false,10,https://www.newyorkspecialed.net/districts/buffalo-city-sd/evaluation-process.html
0,https://www.newyorkspecialed.net/districts/nyc-district-12-soundview/parent-advocacy-guide/,,text/plain; charset=utf-8,false,404,0,1,false,4,https://www.newyorkspecialed.net/districts/nyc-district-12-soundview/parent-advocacy-guide.html
0,https://www.newyorkspecialed.net/districts/nyc-district-17-crown-heights/discipline-rights/,,text/plain; charset=utf-8,false,404,0,1,false,9,https://www.newyorkspecialed.net/districts/nyc-district-17-crown-heights/cse-meeting-guide.html
0,https://www.newyorkspecialed.net/districts/nyc-district-31-staten-island/special-ed-updates/,,text/plain; charset=utf-8,false,404,0,1,false,10,https://www.newyorkspecialed.net/districts/nyc-district-31-staten-island/discipline-rights.html
0,https://www.newyorkspecialed.net/districts/nyc-district-30-astoria/discipline-rights/,,text/plain; charset=utf-8,false,404,0,1,false,10,https://www.newyorkspecialed.net/districts/nyc-district-30-astoria/parent-advocacy-guide.html
0,https://www.newyorkspecialed.net/districts/nyc-district-24-maspeth/cse-meeting-guide/,,text/plain; charset=utf-8,false,404,0,1,false,10,https://www.newyorkspecialed.net/districts/nyc-district-24-maspeth/parent-advocacy-guide.html
0,https://www.newyorkspecialed.net/districts/niagara-falls-city-sd/discipline-rights/,,text/plain; charset=utf-8,false,404,0,1,false,9,https://www.newyorkspecialed.net/districts/niagara-falls-city-sd/
0,https://www.newyorkspecialed.net/districts/william-floyd-ufsd/discipline-rights/,,text/plain; charset=utf-8,false,404,0,1,false,9,https://www.newyorkspecialed.net/districts/william-floyd-ufsd/discipline-rights.html
0,https://www.newyorkspecialed.net/districts/nyc-district-10-riverdale/cse-meeting-guide/,,text/plain; charset=utf-8,false,404,0,1,false,9,https://www.newyorkspecialed.net/districts/nyc-district-10-riverdale/cse-meeting-guide.html
0,https://www.newyorkspecialed.net/districts/nyc-district-23-brownsville/discipline-rights/,,text/plain; charset=utf-8,false,404,0,1,false,9,https://www.newyorkspecialed.net/districts/nyc-district-23-brownsville/cse-meeting-guide.html
0,https://www.newyorkspecialed.net/districts/rochester-city-sd/special-ed-updates/,,text/plain; charset=utf-8,false,404,0,1,false,10,https://www.newyorkspecialed.net/districts/rochester-city-sd/leadership-directory.html
0,https://www.newyorkspecialed.net/districts/mount-vernon-city-sd/special-ed-updates/,,text/plain; charset=utf-8,false,404,0,1,false,9,https://www.newyorkspecialed.net/districts/mount-vernon-city-sd/parent-advocacy-guide.html
0,https://www.newyorkspecialed.net/districts/syracuse-city-sd/discipline-rights/,,text/plain; charset=utf-8,false,404,0,1,false,10,https://www.newyorkspecialed.net/districts/syracuse-city-sd/partners.html
0,https://www.newyorkspecialed.net/districts/newburgh-enlarged-city-sd/leadership-directory/,,text/plain; charset=utf-8,false,404,0,1,false,9,https://www.newyorkspecialed.net/districts/newburgh-enlarged-city-sd/leadership-directory.html
0,https://www.newyorkspecialed.net/districts/schenectady-city-sd/special-ed-updates/,,text/plain; charset=utf-8,false,404,0,1,false,9,https://www.newyorkspecialed.net/districts/schenectady-city-sd/evaluation-process.html
0,https://www.newyorkspecialed.net/districts/nyc-district-31-staten-island/leadership-directory/,,text/plain; charset=utf-8,false,404,0,1,false,10,https://www.newyorkspecialed.net/districts/nyc-district-31-staten-island/discipline-rights.html
0,https://www.newyorkspecialed.net/districts/sachem-csd/evaluation-process/,,text/plain; charset=utf-8,false,404,0,1,false,9,https://www.newyorkspecialed.net/districts/sachem-csd/evaluation-process.html
0,https://www.newyorkspecialed.net/districts/nyc-district-22-midwood/special-ed-updates/,,text/plain; charset=utf-8,false,404,0,1,false,10,https://www.newyorkspecialed.net/districts/nyc-district-22-midwood/special-ed-updates.html
0,https://www.newyorkspecialed.net/districts/nyc-district-04-east-harlem/leadership-directory/,,text/plain; charset=utf-8,false,404,0,1,false,10,https://www.newyorkspecialed.net/districts/nyc-district-04-east-harlem/leadership-directory.html
0,https://www.newyorkspecialed.net/districts/rochester-city-sd/evaluation-process/,,text/plain; charset=utf-8,false,404,0,1,false,10,https://www.newyorkspecialed.net/districts/rochester-city-sd/leadership-directory.html
0,https://www.newyorkspecialed.net/districts/nyc-district-17-crown-heights/special-ed-updates/,,text/plain; charset=utf-8,false,404,0,1,false,9,https://www.newyorkspecialed.net/districts/nyc-district-17-crown-heights/cse-meeting-guide.html
0,https://www.newyorkspecialed.net/districts/nyc-district-23-brownsville/cse-meeting-guide/,,text/plain; charset=utf-8,false,404,0,1,false,9,https://www.newyorkspecialed.net/districts/nyc-district-23-brownsville/cse-meeting-guide.html
0,https://www.newyorkspecialed.net/districts/freeport-ufsd/evaluation-process/,,text/plain; charset=utf-8,false,404,0,1,false,9,https://www.newyorkspecialed.net/districts/freeport-ufsd/partners.html
0,https://www.newyorkspecialed.net/districts/freeport-ufsd/special-ed-updates/,,text/plain; charset=utf-8,false,404,0,1,false,9,https://www.newyorkspecialed.net/districts/freeport-ufsd/partners.html
0,https://www.newyorkspecialed.net/districts/nyc-district-05-central-harlem/discipline-rights/,,text/plain; charset=utf-8,false,404,0,1,false,10,https://www.newyorkspecialed.net/districts/nyc-district-05-central-harlem/special-ed-updates.html
0,https://www.newyorkspecialed.net/districts/mount-vernon-city-sd/partners/,,text/plain; charset=utf-8,false,404,0,1,false,9,https://www.newyorkspecialed.net/districts/mount-vernon-city-sd/parent-advocacy-guide.html
0,https://www.newyorkspecialed.net/districts/nyc-district-18-east-flatbush/cse-meeting-guide/,,text/plain; charset=utf-8,false,404,0,1,false,9,https://www.newyorkspecialed.net/districts/nyc-district-18-east-flatbush/discipline-rights.html
0,https://www.newyorkspecialed.net/districts/nyc-district-15-park-slope/parent-advocacy-guide/,,text/plain; charset=utf-8,false,404,0,1,false,2,https://www.newyorkspecialed.net/districts/nyc-district-15-park-slope/parent-advocacy-guide.html
0,https://www.newyorkspecialed.net/districts/sachem-csd/special-ed-updates/,,text/plain; charset=utf-8,false,404,0,1,false,9,https://www.newyorkspecialed.net/districts/sachem-csd/evaluation-process.html
0,https://www.newyorkspecialed.net/districts/schenectady-city-sd/leadership-directory/,,text/plain; charset=utf-8,false,404,0,1,false,9,https://www.newyorkspecialed.net/districts/schenectady-city-sd/evaluation-process.html
0,https://www.newyorkspecialed.net/districts/yonkers-city-sd/cse-meeting-guide/,,text/plain; charset=utf-8,false,404,0,1,false,10,https://www.newyorkspecialed.net/districts/yonkers-city-sd/evaluation-process.html
0,https://www.newyorkspecialed.net/districts/nyc-district-09-grand-concourse/cse-meeting-guide/,,text/plain; charset=utf-8,false,404,0,1,false,9,https://www.newyorkspecialed.net/districts/nyc-district-09-grand-concourse/cse-meeting-guide.html
0,https://www.newyorkspecialed.net/districts/central-islip-ufsd/discipline-rights/,,text/plain; charset=utf-8,false,404,0,1,false,9,https://www.newyorkspecialed.net/districts/central-islip-ufsd/discipline-rights.html
0,https://www.newyorkspecialed.net/districts/sachem-csd/discipline-rights/,,text/plain; charset=utf-8,false,404,0,1,false,9,https://www.newyorkspecialed.net/districts/sachem-csd/evaluation-process.html
0,https://www.newyorkspecialed.net/districts/nyc-district-29-queens-village/cse-meeting-guide/,,text/plain; charset=utf-8,false,404,0,1,false,9,https://www.newyorkspecialed.net/districts/nyc-district-29-queens-village/special-ed-updates.html
0,https://www.newyorkspecialed.net/districts/nyc-district-04-east-harlem/discipline-rights/,,text/plain; charset=utf-8,false,404,0,1,false,10,https://www.newyorkspecialed.net/districts/nyc-district-04-east-harlem/leadership-directory.html
0,https://www.newyorkspecialed.net/districts/nyc-district-22-midwood/discipline-rights/,,text/plain; charset=utf-8,false,404,0,1,false,10,https://www.newyorkspecialed.net/districts/nyc-district-22-midwood/special-ed-updates.html
0,https://www.newyorkspecialed.net/districts/nyc-district-75/leadership-directory/,,text/plain; charset=utf-8,false,404,0,1,false,10,https://www.newyorkspecialed.net/districts/nyc-district-75/partners.html
0,https://www.newyorkspecialed.net/districts/nyc-district-30-astoria/cse-meeting-guide/,,text/plain; charset=utf-8,false,404,0,1,false,10,https://www.newyorkspecialed.net/districts/nyc-district-30-astoria/parent-advocacy-guide.html
0,https://www.newyorkspecialed.net/districts/east-ramapo-csd/parent-advocacy-guide/,,text/plain; charset=utf-8,false,404,0,1,false,4,https://www.newyorkspecialed.net/districts/east-ramapo-csd/
0,https://www.newyorkspecialed.net/districts/nyc-district-07-south-bronx/parent-advocacy-guide/,,text/plain; charset=utf-8,false,404,0,1,false,4,https://www.newyorkspecialed.net/districts/nyc-district-07-south-bronx/parent-advocacy-guide.html
0,https://www.newyorkspecialed.net/districts/central-islip-ufsd/parent-advocacy-guide/,,text/plain; charset=utf-8,false,404,0,1,false,4,https://www.newyorkspecialed.net/districts/central-islip-ufsd/
0,https://www.newyorkspecialed.net/districts/nyc-district-07-south-bronx/evaluation-process/,,text/plain; charset=utf-8,false,404,0,1,false,9,https://www.newyorkspecialed.net/districts/nyc-district-07-south-bronx/special-ed-updates.html
0,https://www.newyorkspecialed.net/districts/nyc-district-04-east-harlem/cse-meeting-guide/,,text/plain; charset=utf-8,false,404,0,1,false,10,https://www.newyorkspecialed.net/districts/nyc-district-04-east-harlem/leadership-directory.html
0,https://www.newyorkspecialed.net/districts/nyc-district-12-soundview/special-ed-updates/,,text/plain; charset=utf-8,false,404,0,1,false,9,https://www.newyorkspecialed.net/districts/nyc-district-12-soundview/leadership-directory.html
0,https://www.newyorkspecialed.net/districts/nyc-district-03-upper-west-side/partners/,,text/plain; charset=utf-8,false,404,0,1,false,10,https://www.newyorkspecialed.net/districts/nyc-district-03-upper-west-side/discipline-rights.html
0,https://www.newyorkspecialed.net/districts/nyc-district-18-east-flatbush/special-ed-updates/,,text/plain; charset=utf-8,false,404,0,1,false,9,https://www.newyorkspecialed.net/districts/nyc-district-18-east-flatbush/discipline-rights.html
0,https://www.newyorkspecialed.net/districts/freeport-ufsd/discipline-rights/,,text/plain; charset=utf-8,false,404,0,1,false,9,https://www.newyorkspecialed.net/districts/freeport-ufsd/partners.html
0,https://www.newyorkspecialed.net/districts/albany-city-sd/cse-meeting-guide/,,text/plain; charset=utf-8,false,404,0,1,false,10,https://www.newyorkspecialed.net/districts/albany-city-sd/discipline-rights.html
0,https://www.newyorkspecialed.net/districts/nyc-district-14-williamsburg/cse-meeting-guide/,,text/plain; charset=utf-8,false,404,0,1,false,9,https://www.newyorkspecialed.net/districts/nyc-district-14-williamsburg/cse-meeting-guide.html
0,https://www.newyorkspecialed.net/districts/nyc-district-13-brooklyn-heights/leadership-directory/,,text/plain; charset=utf-8,false,404,0,1,false,10,https://www.newyorkspecialed.net/districts/nyc-district-13-brooklyn-heights/evaluation-process.html
0,https://www.newyorkspecialed.net/districts/nyc-district-27-rockaway/evaluation-process/,,text/plain; charset=utf-8,false,404,0,1,false,9,https://www.newyorkspecialed.net/districts/nyc-district-27-rockaway/discipline-rights.html
0,https://www.newyorkspecialed.net/districts/nyc-district-13-brooklyn-heights/evaluation-process/,,text/plain; charset=utf-8,false,404,0,1,false,10,https://www.newyorkspecialed.net/districts/nyc-district-13-brooklyn-heights/evaluation-process.html
0,https://www.newyorkspecialed.net/districts/albany-city-sd/partners/,,text/plain; charset=utf-8,false,404,0,1,false,10,https://www.newyorkspecialed.net/districts/albany-city-sd/discipline-rights.html
0,https://www.newyorkspecialed.net/districts/newburgh-enlarged-city-sd/parent-advocacy-guide/,,text/plain; charset=utf-8,false,404,0,1,false,4,https://www.newyorkspecialed.net/districts/newburgh-enlarged-city-sd/parent-advocacy-guide.html
0,https://www.newyorkspecialed.net/districts/nyc-district-22-midwood/parent-advocacy-guide/,,text/plain; charset=utf-8,false,404,0,1,false,2,https://www.newyorkspecialed.net/districts/nyc-district-22-midwood/partners.html
0,https://www.newyorkspecialed.net/districts/utica-city-sd/discipline-rights/,,text/plain; charset=utf-8,false,404,0,1,false,9,https://www.newyorkspecialed.net/districts/utica-city-sd/cse-meeting-guide.html
0,https://www.newyorkspecialed.net/districts/buffalo-city-sd/parent-advocacy-guide/,,text/plain; charset=utf-8,false,404,0,1,false,2,https://www.newyorkspecialed.net/districts/buffalo-city-sd/partners.html
0,https://www.newyorkspecialed.net/districts/nyc-district-25-flushing/evaluation-process/,,text/plain; charset=utf-8,false,404,0,1,false,9,https://www.newyorkspecialed.net/districts/nyc-district-25-flushing/parent-advocacy-guide.html
0,https://www.newyorkspecialed.net/districts/freeport-ufsd/cse-meeting-guide/,,text/plain; charset=utf-8,false,404,0,1,false,9,https://www.newyorkspecialed.net/districts/freeport-ufsd/partners.html
0,https://www.newyorkspecialed.net/districts/poughkeepsie-city-sd/special-ed-updates/,,text/plain; charset=utf-8,false,404,0,1,false,9,https://www.newyorkspecialed.net/districts/poughkeepsie-city-sd/partners.html
0,https://www.newyorkspecialed.net/districts/nyc-district-05-central-harlem/leadership-directory/,,text/plain; charset=utf-8,false,404,0,1,false,10,https://www.newyorkspecialed.net/districts/nyc-district-05-central-harlem/special-ed-updates.html
0,https://www.newyorkspecialed.net/districts/nyc-district-15-park-slope/special-ed-updates/,,text/plain; charset=utf-8,false,404,0,1,false,10,https://www.newyorkspecialed.net/districts/nyc-district-15-park-slope/special-ed-updates.html
0,https://www.newyorkspecialed.net/districts/nyc-district-06-washington-heights/cse-meeting-guide/,,text/plain; charset=utf-8,false,404,0,1,false,10,https://www.newyorkspecialed.net/districts/nyc-district-06-washington-heights/leadership-directory.html
0,https://www.newyorkspecialed.net/districts/nyc-district-32-bushwick/leadership-directory/,,text/plain; charset=utf-8,false,404,0,1,false,9,https://www.newyorkspecialed.net/districts/nyc-district-32-bushwick/parent-advocacy-guide.html
0,https://www.newyorkspecialed.net/districts/new-rochelle-city-sd/cse-meeting-guide/,,text/plain; charset=utf-8,false,404,0,1,false,9,https://www.newyorkspecialed.net/districts/new-rochelle-city-sd/leadership-directory.html
0,https://www.newyorkspecialed.net/districts/rochester-city-sd/cse-meeting-guide/,,text/plain; charset=utf-8,false,404,0,1,false,10,https://www.newyorkspecialed.net/districts/rochester-city-sd/leadership-directory.html
0,https://www.newyorkspecialed.net/districts/nyc-district-06-washington-heights/evaluation-process/,,text/plain; charset=utf-8,false,404,0,1,false,10,https://www.newyorkspecialed.net/districts/nyc-district-06-washington-heights/leadership-directory.html
0,https://www.newyorkspecialed.net/districts/nyc-district-02-upper-east-side/cse-meeting-guide/,,text/plain; charset=utf-8,false,404,0,1,false,10,https://www.newyorkspecialed.net/districts/nyc-district-02-upper-east-side/cse-meeting-guide.html
0,https://www.newyorkspecialed.net/districts/nyc-district-10-riverdale/partners/,,text/plain; charset=utf-8,false,404,0,1,false,9,https://www.newyorkspecialed.net/districts/nyc-district-10-riverdale/cse-meeting-guide.html
0,https://www.newyorkspecialed.net/districts/nyc-district-14-williamsburg/leadership-directory/,,text/plain; charset=utf-8,false,404,0,1,false,9,https://www.newyorkspecialed.net/districts/nyc-district-14-williamsburg/cse-meeting-guide.html
0,https://www.newyorkspecialed.net/districts/nyc-district-18-east-flatbush/evaluation-process/,,text/plain; charset=utf-8,false,404,0,1,false,9,https://www.newyorkspecialed.net/districts/nyc-district-18-east-flatbush/discipline-rights.html
0,https://www.newyorkspecialed.net/districts/utica-city-sd/evaluation-process/,,text/plain; charset=utf-8,false,404,0,1,false,9,https://www.newyorkspecialed.net/districts/utica-city-sd/cse-meeting-guide.html
0,https://www.newyorkspecialed.net/districts/nyc-district-13-brooklyn-heights/parent-advocacy-guide/,,text/plain; charset=utf-8,false,404,0,1,false,2,https://www.newyorkspecialed.net/districts/nyc-district-13-brooklyn-heights/partners.html
0,https://www.newyorkspecialed.net/districts/nyc-district-19-east-new-york/parent-advocacy-guide/,,text/plain; charset=utf-8,false,404,0,1,false,4,https://www.newyorkspecialed.net/districts/nyc-district-19-east-new-york/partners.html
0,https://www.newyorkspecialed.net/districts/nyc-district-21-coney-island/evaluation-process/,,text/plain; charset=utf-8,false,404,0,1,false,9,https://www.newyorkspecialed.net/districts/nyc-district-21-coney-island/partners.html
0,https://www.newyorkspecialed.net/districts/yonkers-city-sd/discipline-rights/,,text/plain; charset=utf-8,false,404,0,1,false,10,https://www.newyorkspecialed.net/districts/yonkers-city-sd/evaluation-process.html
0,https://www.newyorkspecialed.net/districts/poughkeepsie-city-sd/parent-advocacy-guide/,,text/plain; charset=utf-8,false,404,0,1,false,4,https://www.newyorkspecialed.net/districts/poughkeepsie-city-sd/partners.html
0,https://www.newyorkspecialed.net/districts/hempstead-ufsd/cse-meeting-guide/,,text/plain; charset=utf-8,false,404,0,1,false,9,https://www.newyorkspecialed.net/districts/hempstead-ufsd/evaluation-process.html
0,https://www.newyorkspecialed.net/districts/albany-city-sd/parent-advocacy-guide/,,text/plain; charset=utf-8,false,404,0,1,false,2,https://www.newyorkspecialed.net/districts/albany-city-sd/partners.html
0,https://www.newyorkspecialed.net/districts/nyc-district-31-staten-island/partners/,,text/plain; charset=utf-8,false,404,0,1,false,10,https://www.newyorkspecialed.net/districts/nyc-district-31-staten-island/discipline-rights.html
0,https://www.newyorkspecialed.net/districts/nyc-district-08-throgs-neck/partners/,,text/plain; charset=utf-8,false,404,0,1,false,9,https://www.newyorkspecialed.net/districts/nyc-district-08-throgs-neck/cse-meeting-guide.html
0,https://www.newyorkspecialed.net/districts/buffalo-city-sd/partners/,,text/plain; charset=utf-8,false,404,0,1,false,10,https://www.newyorkspecialed.net/districts/buffalo-city-sd/evaluation-process.html
0,https://www.newyorkspecialed.net/districts/schenectady-city-sd/cse-meeting-guide/,,text/plain; charset=utf-8,false,404,0,1,false,9,https://www.newyorkspecialed.net/districts/schenectady-city-sd/evaluation-process.html
0,https://www.newyorkspecialed.net/districts/nyc-district-12-soundview/partners/,,text/plain; charset=utf-8,false,404,0,1,false,9,https://www.newyorkspecialed.net/districts/nyc-district-12-soundview/leadership-directory.html
0,https://www.newyorkspecialed.net/districts/william-floyd-ufsd/special-ed-updates/,,text/plain; charset=utf-8,false,404,0,1,false,9,https://www.newyorkspecialed.net/districts/william-floyd-ufsd/discipline-rights.html
0,https://www.newyorkspecialed.net/districts/brentwood-ufsd/leadership-directory/,,text/plain; charset=utf-8,false,404,0,1,false,9,https://www.newyorkspecialed.net/districts/brentwood-ufsd/leadership-directory.html
0,https://www.newyorkspecialed.net/districts/rochester-city-sd/leadership-directory/,,text/plain; charset=utf-8,false,404,0,1,false,10,https://www.newyorkspecialed.net/districts/rochester-city-sd/leadership-directory.html
0,https://www.newyorkspecialed.net/districts/albany-city-sd/leadership-directory/,,text/plain; charset=utf-8,false,404,0,1,false,10,https://www.newyorkspecialed.net/districts/albany-city-sd/discipline-rights.html
0,https://www.newyorkspecialed.net/districts/nyc-district-24-maspeth/parent-advocacy-guide/,,text/plain; charset=utf-8,false,404,0,1,false,2,https://www.newyorkspecialed.net/districts/nyc-district-24-maspeth/parent-advocacy-guide.html
0,https://www.newyorkspecialed.net/districts/nyc-district-12-soundview/cse-meeting-guide/,,text/plain; charset=utf-8,false,404,0,1,false,9,https://www.newyorkspecialed.net/districts/nyc-district-12-soundview/leadership-directory.html
0,https://www.newyorkspecialed.net/districts/brentwood-ufsd/evaluation-process/,,text/plain; charset=utf-8,false,404,0,1,false,9,https://www.newyorkspecialed.net/districts/brentwood-ufsd/leadership-directory.html
0,https://www.newyorkspecialed.net/districts/nyc-district-25-flushing/leadership-directory/,,text/plain; charset=utf-8,false,404,0,1,false,9,https://www.newyorkspecialed.net/districts/nyc-district-25-flushing/parent-advocacy-guide.html
0,https://www.newyorkspecialed.net/districts/greece-csd/evaluation-process/,,text/plain; charset=utf-8,false,404,0,1,false,9,https://www.newyorkspecialed.net/districts/greece-csd/discipline-rights.html
0,https://www.newyorkspecialed.net/districts/nyc-district-79/partners/,,text/plain; charset=utf-8,false,404,0,1,false,9,https://www.newyorkspecialed.net/districts/nyc-district-79/cse-meeting-guide.html
0,https://www.newyorkspecialed.net/districts/white-plains-city-sd/parent-advocacy-guide/,,text/plain; charset=utf-8,false,404,0,1,false,4,https://www.newyorkspecialed.net/districts/white-plains-city-sd/partners.html
0,https://www.newyorkspecialed.net/districts/brentwood-ufsd/special-ed-updates/,,text/plain; charset=utf-8,false,404,0,1,false,9,https://www.newyorkspecialed.net/districts/brentwood-ufsd/leadership-directory.html
0,https://www.newyorkspecialed.net/districts/nyc-district-16-bed-stuy/parent-advocacy-guide/,,text/plain; charset=utf-8,false,404,0,1,false,4,https://www.newyorkspecialed.net/districts/nyc-district-16-bed-stuy/partners.html
0,https://www.newyorkspecialed.net/districts/nyc-district-27-rockaway/special-ed-updates/,,text/plain; charset=utf-8,false,404,0,1,false,9,https://www.newyorkspecialed.net/districts/nyc-district-27-rockaway/discipline-rights.html
0,https://www.newyorkspecialed.net/districts/nyc-district-75/parent-advocacy-guide/,,text/plain; charset=utf-8,false,404,0,1,false,2,https://www.newyorkspecialed.net/districts/nyc-district-75/partners.html
0,https://www.newyorkspecialed.net/districts/sachem-csd/parent-advocacy-guide/,,text/plain; charset=utf-8,false,404,0,1,false,4,https://www.newyorkspecialed.net/districts/sachem-csd/
0,https://www.newyorkspecialed.net/districts/nyc-district-26-bayside/leadership-directory/,,text/plain; charset=utf-8,false,404,0,1,false,10,https://www.newyorkspecialed.net/districts/nyc-district-26-bayside/parent-advocacy-guide.html
0,https://www.newyorkspecialed.net/districts/nyc-district-08-throgs-neck/leadership-directory/,,text/plain; charset=utf-8,false,404,0,1,false,9,https://www.newyorkspecialed.net/districts/nyc-district-08-throgs-neck/cse-meeting-guide.html
0,https://www.newyorkspecialed.net/districts/nyc-district-21-coney-island/partners/,,text/plain; charset=utf-8,false,404,0,1,false,9,https://www.newyorkspecialed.net/districts/nyc-district-21-coney-island/partners.html
0,https://www.newyorkspecialed.net/districts/nyc-district-04-east-harlem/evaluation-process/,,text/plain; charset=utf-8,false,404,0,1,false,10,https://www.newyorkspecialed.net/districts/nyc-district-04-east-harlem/leadership-directory.html
0,https://www.newyorkspecialed.net/districts/poughkeepsie-city-sd/evaluation-process/,,text/plain; charset=utf-8,false,404,0,1,false,9,https://www.newyorkspecialed.net/districts/poughkeepsie-city-sd/partners.html
0,https://www.newyorkspecialed.net/districts/syracuse-city-sd/evaluation-process/,,text/plain; charset=utf-8,false,404,0,1,false,10,https://www.newyorkspecialed.net/districts/syracuse-city-sd/partners.html
0,https://www.newyorkspecialed.net/districts/new-rochelle-city-sd/leadership-directory/,,text/plain; charset=utf-8,false,404,0,1,false,9,https://www.newyorkspecialed.net/districts/new-rochelle-city-sd/leadership-directory.html
0,https://www.newyorkspecialed.net/districts/niagara-falls-city-sd/cse-meeting-guide/,,text/plain; charset=utf-8,false,404,0,1,false,9,https://www.newyorkspecialed.net/districts/niagara-falls-city-sd/
0,https://www.newyorkspecialed.net/districts/nyc-district-08-throgs-neck/cse-meeting-guide/,,text/plain; charset=utf-8,false,404,0,1,false,9,https://www.newyorkspecialed.net/districts/nyc-district-08-throgs-neck/cse-meeting-guide.html
0,https://www.newyorkspecialed.net/districts/yonkers-city-sd/partners/,,text/plain; charset=utf-8,false,404,0,1,false,10,https://www.newyorkspecialed.net/districts/yonkers-city-sd/evaluation-process.html
0,https://www.newyorkspecialed.net/districts/nyc-district-11-pelham-parkway/discipline-rights/,,text/plain; charset=utf-8,false,404,0,1,false,9,https://www.newyorkspecialed.net/districts/nyc-district-11-pelham-parkway/cse-meeting-guide.html
0,https://www.newyorkspecialed.net/districts/nyc-district-29-queens-village/evaluation-process/,,text/plain; charset=utf-8,false,404,0,1,false,9,https://www.newyorkspecialed.net/districts/nyc-district-29-queens-village/special-ed-updates.html
0,https://www.newyorkspecialed.net/districts/nyc-district-01-lower-east-side/cse-meeting-guide/,,text/plain; charset=utf-8,false,404,0,1,false,10,https://www.newyorkspecialed.net/districts/nyc-district-01-lower-east-side/cse-meeting-guide.html
0,https://www.newyorkspecialed.net/districts/niagara-falls-city-sd/parent-advocacy-guide/,,text/plain; charset=utf-8,false,404,0,1,false,4,https://www.newyorkspecialed.net/districts/niagara-falls-city-sd/
0,https://www.newyorkspecialed.net/districts/nyc-district-26-bayside/partners/,,text/plain; charset=utf-8,false,404,0,1,false,10,https://www.newyorkspecialed.net/districts/nyc-district-26-bayside/parent-advocacy-guide.html
0,https://www.newyorkspecialed.net/districts/nyc-district-22-midwood/partners/,,text/plain; charset=utf-8,false,404,0,1,false,10,https://www.newyorkspecialed.net/districts/nyc-district-22-midwood/special-ed-updates.html
0,https://www.newyorkspecialed.net/districts/nyc-district-24-maspeth/partners/,,text/plain; charset=utf-8,false,404,0,1,false,10,https://www.newyorkspecialed.net/districts/nyc-district-24-maspeth/parent-advocacy-guide.html
0,https://www.newyorkspecialed.net/districts/nyc-district-75/special-ed-updates/,,text/plain; charset=utf-8,false,404,0,1,false,10,https://www.newyorkspecialed.net/districts/nyc-district-75/partners.html
0,https://www.newyorkspecialed.net/districts/nyc-district-18-east-flatbush/partners/,,text/plain; charset=utf-8,false,404,0,1,false,9,https://www.newyorkspecialed.net/districts/nyc-district-18-east-flatbush/discipline-rights.html
0,https://www.newyorkspecialed.net/districts/freeport-ufsd/leadership-directory/,,text/plain; charset=utf-8,false,404,0,1,false,9,https://www.newyorkspecialed.net/districts/freeport-ufsd/partners.html
0,https://www.newyorkspecialed.net/districts/greece-csd/partners/,,text/plain; charset=utf-8,false,404,0,1,false,9,https://www.newyorkspecialed.net/districts/greece-csd/discipline-rights.html
0,https://www.newyorkspecialed.net/districts/hempstead-ufsd/evaluation-process/,,text/plain; charset=utf-8,false,404,0,1,false,9,https://www.newyorkspecialed.net/districts/hempstead-ufsd/evaluation-process.html
0,https://www.newyorkspecialed.net/districts/nyc-district-23-brownsville/evaluation-process/,,text/plain; charset=utf-8,false,404,0,1,false,9,https://www.newyorkspecialed.net/districts/nyc-district-23-brownsville/cse-meeting-guide.html
0,https://www.newyorkspecialed.net/districts/nyc-district-05-central-harlem/evaluation-process/,,text/plain; charset=utf-8,false,404,0,1,false,10,https://www.newyorkspecialed.net/districts/nyc-district-05-central-harlem/special-ed-updates.html
0,https://www.newyorkspecialed.net/districts/nyc-district-05-central-harlem/parent-advocacy-guide/,,text/plain; charset=utf-8,false,404,0,1,false,2,https://www.newyorkspecialed.net/districts/nyc-district-05-central-harlem/partners.html
0,https://www.newyorkspecialed.net/districts/nyc-district-17-crown-heights/partners/,,text/plain; charset=utf-8,false,404,0,1,false,9,https://www.newyorkspecialed.net/districts/nyc-district-17-crown-heights/cse-meeting-guide.html
0,https://www.newyorkspecialed.net/districts/sachem-csd/partners/,,text/plain; charset=utf-8,false,404,0,1,false,9,https://www.newyorkspecialed.net/districts/sachem-csd/evaluation-process.html
0,https://www.newyorkspecialed.net/districts/poughkeepsie-city-sd/discipline-rights/,,text/plain; charset=utf-8,false,404,0,1,false,9,https://www.newyorkspecialed.net/districts/poughkeepsie-city-sd/partners.html
0,https://www.newyorkspecialed.net/districts/nyc-district-24-maspeth/discipline-rights/,,text/plain; charset=utf-8,false,404,0,1,false,10,https://www.newyorkspecialed.net/districts/nyc-district-24-maspeth/parent-advocacy-guide.html
0,https://www.newyorkspecialed.net/districts/nyc-district-25-flushing/partners/,,text/plain; charset=utf-8,false,404,0,1,false,9,https://www.newyorkspecialed.net/districts/nyc-district-25-flushing/parent-advocacy-guide.html
0,https://www.newyorkspecialed.net/districts/nyc-district-75/partners/,,text/plain; charset=utf-8,false,404,0,1,false,10,https://www.newyorkspecialed.net/districts/nyc-district-75/partners.html
0,https://www.newyorkspecialed.net/districts/utica-city-sd/leadership-directory/,,text/plain; charset=utf-8,false,404,0,1,false,9,https://www.newyorkspecialed.net/districts/utica-city-sd/cse-meeting-guide.html
0,https://www.newyorkspecialed.net/districts/yonkers-city-sd/special-ed-updates/,,text/plain; charset=utf-8,false,404,0,1,false,10,https://www.newyorkspecialed.net/districts/yonkers-city-sd/evaluation-process.html
0,https://www.newyorkspecialed.net/districts/nyc-district-26-bayside/cse-meeting-guide/,,text/plain; charset=utf-8,false,404,0,1,false,10,https://www.newyorkspecialed.net/districts/nyc-district-26-bayside/parent-advocacy-guide.html
0,https://www.newyorkspecialed.net/districts/nyc-district-21-coney-island/leadership-directory/,,text/plain; charset=utf-8,false,404,0,1,false,9,https://www.newyorkspecialed.net/districts/nyc-district-21-coney-island/partners.html
0,https://www.newyorkspecialed.net/districts/nyc-district-07-south-bronx/leadership-directory/,,text/plain; charset=utf-8,false,404,0,1,false,9,https://www.newyorkspecialed.net/districts/nyc-district-07-south-bronx/special-ed-updates.html
0,https://www.newyorkspecialed.net/districts/sachem-csd/cse-meeting-guide/,,text/plain; charset=utf-8,false,404,0,1,false,9,https://www.newyorkspecialed.net/districts/sachem-csd/evaluation-process.html
0,https://www.newyorkspecialed.net/districts/nyc-district-10-riverdale/evaluation-process/,,text/plain; charset=utf-8,false,404,0,1,false,9,https://www.newyorkspecialed.net/districts/nyc-district-10-riverdale/cse-meeting-guide.html
0,https://www.newyorkspecialed.net/districts/nyc-district-32-bushwick/special-ed-updates/,,text/plain; charset=utf-8,false,404,0,1,false,9,https://www.newyorkspecialed.net/districts/nyc-district-32-bushwick/parent-advocacy-guide.html
0,https://www.newyorkspecialed.net/districts/central-islip-ufsd/evaluation-process/,,text/plain; charset=utf-8,false,404,0,1,false,9,https://www.newyorkspecialed.net/districts/central-islip-ufsd/discipline-rights.html
0,https://www.newyorkspecialed.net/districts/nyc-district-25-flushing/parent-advocacy-guide/,,text/plain; charset=utf-8,false,404,0,1,false,4,https://www.newyorkspecialed.net/districts/nyc-district-25-flushing/parent-advocacy-guide.html
0,https://www.newyorkspecialed.net/districts/nyc-district-15-park-slope/evaluation-process/,,text/plain; charset=utf-8,false,404,0,1,false,10,https://www.newyorkspecialed.net/districts/nyc-district-15-park-slope/special-ed-updates.html
0,https://www.newyorkspecialed.net/guides/parent-advocacy-guide.html,,text/plain; charset=utf-8,false,404,0,0,false,0,
0,https://www.newyorkspecialed.net/districts/nyc-district-12-soundview/discipline-rights/,,text/plain; charset=utf-8,false,404,0,1,false,9,https://www.newyorkspecialed.net/districts/nyc-district-12-soundview/leadership-directory.html
0,https://www.newyorkspecialed.net/districts/nyc-district-30-astoria/leadership-directory/,,text/plain; charset=utf-8,false,404,0,1,false,10,https://www.newyorkspecialed.net/districts/nyc-district-30-astoria/parent-advocacy-guide.html
0,https://www.newyorkspecialed.net/districts/nyc-district-29-queens-village/discipline-rights/,,text/plain; charset=utf-8,false,404,0,1,false,9,https://www.newyorkspecialed.net/districts/nyc-district-29-queens-village/special-ed-updates.html
0,https://www.newyorkspecialed.net/districts/nyc-district-10-riverdale/leadership-directory/,,text/plain; charset=utf-8,false,404,0,1,false,9,https://www.newyorkspecialed.net/districts/nyc-district-10-riverdale/cse-meeting-guide.html
0,https://www.newyorkspecialed.net/districts/nyc-district-15-park-slope/leadership-directory/,,text/plain; charset=utf-8,false,404,0,1,false,10,https://www.newyorkspecialed.net/districts/nyc-district-15-park-slope/special-ed-updates.html
0,https://www.newyorkspecialed.net/districts/nyc-district-11-pelham-parkway/partners/,,text/plain; charset=utf-8,false,404,0,1,false,9,https://www.newyorkspecialed.net/districts/nyc-district-11-pelham-parkway/cse-meeting-guide.html
0,https://www.newyorkspecialed.net/districts/nyc-district-07-south-bronx/cse-meeting-guide/,,text/plain; charset=utf-8,false,404,0,1,false,9,https://www.newyorkspecialed.net/districts/nyc-district-07-south-bronx/special-ed-updates.html
0,https://www.newyorkspecialed.net/districts/nyc-district-17-crown-heights/leadership-directory/,,text/plain; charset=utf-8,false,404,0,1,false,9,https://www.newyorkspecialed.net/districts/nyc-district-17-crown-heights/cse-meeting-guide.html
0,https://www.newyorkspecialed.net/districts/nyc-district-04-east-harlem/partners/,,text/plain; charset=utf-8,false,404,0,1,false,10,https://www.newyorkspecialed.net/districts/nyc-district-04-east-harlem/leadership-directory.html
0,https://www.newyorkspecialed.net/districts/nyc-district-28-forest-hills/evaluation-process/,,text/plain; charset=utf-8,false,404,0,1,false,9,https://www.newyorkspecialed.net/districts/nyc-district-28-forest-hills/partners.html
0,https://www.newyorkspecialed.net/districts/nyc-district-79/cse-meeting-guide/,,text/plain; charset=utf-8,false,404,0,1,false,9,https://www.newyorkspecialed.net/districts/nyc-district-79/cse-meeting-guide.html
0,https://www.newyorkspecialed.net/districts/white-plains-city-sd/partners/,,text/plain; charset=utf-8,false,404,0,1,false,9,https://www.newyorkspecialed.net/districts/white-plains-city-sd/evaluation-process.html
0,https://www.newyorkspecialed.net/districts/nyc-district-26-bayside/parent-advocacy-guide/,,text/plain; charset=utf-8,false,404,0,1,false,2,https://www.newyorkspecialed.net/districts/nyc-district-26-bayside/parent-advocacy-guide.html
0,https://www.newyorkspecialed.net/districts/buffalo-city-sd/cse-meeting-guide/,,text/plain; charset=utf-8,false,404,0,1,false,10,https://www.newyorkspecialed.net/districts/buffalo-city-sd/evaluation-process.html
0,https://www.newyorkspecialed.net/districts/nyc-district-27-rockaway/leadership-directory/,,text/plain; charset=utf-8,false,404,0,1,false,9,https://www.newyorkspecialed.net/districts/nyc-district-27-rockaway/discipline-rights.html
0,https://www.newyorkspecialed.net/districts/nyc-district-26-bayside/evaluation-process/,,text/plain; charset=utf-8,false,404,0,1,false,10,https://www.newyorkspecialed.net/districts/nyc-district-26-bayside/parent-advocacy-guide.html
0,https://www.newyorkspecialed.net/districts/utica-city-sd/partners/,,text/plain; charset=utf-8,false,404,0,1,false,9,https://www.newyorkspecialed.net/districts/utica-city-sd/cse-meeting-guide.html
0,https://www.newyorkspecialed.net/districts/east-ramapo-csd/leadership-directory/,,text/plain; charset=utf-8,false,404,0,1,false,9,https://www.newyorkspecialed.net/districts/east-ramapo-csd/evaluation-process.html
0,https://www.newyorkspecialed.net/districts/nyc-district-04-east-harlem/special-ed-updates/,,text/plain; charset=utf-8,false,404,0,1,false,10,https://www.newyorkspecialed.net/districts/nyc-district-04-east-harlem/leadership-directory.html
0,https://www.newyorkspecialed.net/districts/nyc-district-31-staten-island/cse-meeting-guide/,,text/plain; charset=utf-8,false,404,0,1,false,10,https://www.newyorkspecialed.net/districts/nyc-district-31-staten-island/discipline-rights.html
0,https://www.newyorkspecialed.net/districts/new-rochelle-city-sd/partners/,,text/plain; charset=utf-8,false,404,0,1,false,9,https://www.newyorkspecialed.net/districts/new-rochelle-city-sd/leadership-directory.html
0,https://www.newyorkspecialed.net/districts/nyc-district-11-pelham-parkway/special-ed-updates/,,text/plain; charset=utf-8,false,404,0,1,false,9,https://www.newyorkspecialed.net/districts/nyc-district-11-pelham-parkway/cse-meeting-guide.html
0,https://www.newyorkspecialed.net/districts/nyc-district-16-bed-stuy/discipline-rights/,,text/plain; charset=utf-8,false,404,0,1,false,9,https://www.newyorkspecialed.net/districts/nyc-district-16-bed-stuy/leadership-directory.html
0,https://www.newyorkspecialed.net/districts/nyc-district-17-crown-heights/cse-meeting-guide/,,text/plain; charset=utf-8,false,404,0,1,false,9,https://www.newyorkspecialed.net/districts/nyc-district-17-crown-heights/cse-meeting-guide.html
0,https://www.newyorkspecialed.net/districts/nyc-district-14-williamsburg/parent-advocacy-guide/,,text/plain; charset=utf-8,false,404,0,1,false,4,https://www.newyorkspecialed.net/districts/nyc-district-14-williamsburg/parent-advocacy-guide.html
0,https://www.newyorkspecialed.net/districts/nyc-district-27-rockaway/cse-meeting-guide/,,text/plain; charset=utf-8,false,404,0,1,false,9,https://www.newyorkspecialed.net/districts/nyc-district-27-rockaway/discipline-rights.html
0,https://www.newyorkspecialed.net/districts/syracuse-city-sd/leadership-directory/,,text/plain; charset=utf-8,false,404,0,1,false,10,https://www.newyorkspecialed.net/districts/syracuse-city-sd/partners.html
0,https://www.newyorkspecialed.net/districts/nyc-district-12-soundview/leadership-directory/,,text/plain; charset=utf-8,false,404,0,1,false,9,https://www.newyorkspecialed.net/districts/nyc-district-12-soundview/leadership-directory.html
0,https://www.newyorkspecialed.net/districts/nyc-district-09-grand-concourse/evaluation-process/,,text/plain; charset=utf-8,false,404,0,1,false,9,https://www.newyorkspecialed.net/districts/nyc-district-09-grand-concourse/cse-meeting-guide.html
0,https://www.newyorkspecialed.net/districts/nyc-district-09-grand-concourse/parent-advocacy-guide/,,text/plain; charset=utf-8,false,404,0,1,false,4,https://www.newyorkspecialed.net/districts/nyc-district-09-grand-concourse/partners.html
0,https://www.newyorkspecialed.net/districts/nyc-district-15-park-slope/discipline-rights/,,text/plain; charset=utf-8,false,404,0,1,false,10,https://www.newyorkspecialed.net/districts/nyc-district-15-park-slope/special-ed-updates.html
0,https://www.newyorkspecialed.net/districts/greece-csd/leadership-directory/,,text/plain; charset=utf-8,false,404,0,1,false,9,https://www.newyorkspecialed.net/districts/greece-csd/discipline-rights.html
0,https://www.newyorkspecialed.net/districts/nyc-district-03-upper-west-side/leadership-directory/,,text/plain; charset=utf-8,false,404,0,1,false,10,https://www.newyorkspecialed.net/districts/nyc-district-03-upper-west-side/discipline-rights.html
0,https://www.newyorkspecialed.net/districts/nyc-district-26-bayside/discipline-rights/,,text/plain; charset=utf-8,false,404,0,1,false,10,https://www.newyorkspecialed.net/districts/nyc-district-26-bayside/parent-advocacy-guide.html
0,https://www.newyorkspecialed.net/districts/nyc-district-19-east-new-york/leadership-directory/,,text/plain; charset=utf-8,false,404,0,1,false,9,https://www.newyorkspecialed.net/districts/nyc-district-19-east-new-york/cse-meeting-guide.html
0,https://www.newyorkspecialed.net/districts/poughkeepsie-city-sd/cse-meeting-guide/,,text/plain; charset=utf-8,false,404,0,1,false,9,https://www.newyorkspecialed.net/districts/poughkeepsie-city-sd/partners.html
0,https://www.newyorkspecialed.net/districts/nyc-district-16-bed-stuy/evaluation-process/,,text/plain; charset=utf-8,false,404,0,1,false,9,https://www.newyorkspecialed.net/districts/nyc-district-16-bed-stuy/leadership-directory.html
0,https://www.newyorkspecialed.net/about/mission/,,text/plain; charset=utf-8,false,404,0,1,false,2,https://www.newyorkspecialed.net/about/
0,https://www.newyorkspecialed.net/districts/nyc-district-16-bed-stuy/leadership-directory/,,text/plain; charset=utf-8,false,404,0,1,false,9,https://www.newyorkspecialed.net/districts/nyc-district-16-bed-stuy/leadership-directory.html
0,https://www.newyorkspecialed.net/districts/nyc-district-09-grand-concourse/leadership-directory/,,text/plain; charset=utf-8,false,404,0,1,false,9,https://www.newyorkspecialed.net/districts/nyc-district-09-grand-concourse/cse-meeting-guide.html
0,https://www.newyorkspecialed.net/districts/syracuse-city-sd/cse-meeting-guide/,,text/plain; charset=utf-8,false,404,0,1,false,10,https://www.newyorkspecialed.net/districts/syracuse-city-sd/partners.html
0,https://www.newyorkspecialed.net/districts/nyc-district-03-upper-west-side/parent-advocacy-guide/,,text/plain; charset=utf-8,false,404,0,1,false,2,https://www.newyorkspecialed.net/districts/nyc-district-03-upper-west-side/parent-advocacy-guide.html
0,https://www.newyorkspecialed.net/districts/nyc-district-10-riverdale/parent-advocacy-guide/,,text/plain; charset=utf-8,false,404,0,1,false,4,https://www.newyorkspecialed.net/districts/nyc-district-10-riverdale/
0,https://www.newyorkspecialed.net/districts/nyc-district-20-bay-ridge/leadership-directory/,,text/plain; charset=utf-8,false,404,0,1,false,10,https://www.newyorkspecialed.net/districts/nyc-district-20-bay-ridge/cse-meeting-guide.html
0,https://www.newyorkspecialed.net/districts/niagara-falls-city-sd/leadership-directory/,,text/plain; charset=utf-8,false,404,0,1,false,9,https://www.newyorkspecialed.net/districts/niagara-falls-city-sd/
0,https://www.newyorkspecialed.net/districts/new-rochelle-city-sd/special-ed-updates/,,text/plain; charset=utf-8,false,404,0,1,false,9,https://www.newyorkspecialed.net/districts/new-rochelle-city-sd/leadership-directory.html
0,https://www.newyorkspecialed.net/districts/nyc-district-02-upper-east-side/special-ed-updates/,,text/plain; charset=utf-8,false,404,0,1,false,10,https://www.newyorkspecialed.net/districts/nyc-district-02-upper-east-side/cse-meeting-guide.html
0,https://www.newyorkspecialed.net/districts/nyc-district-24-maspeth/special-ed-updates/,,text/plain; charset=utf-8,false,404,0,1,false,10,https://www.newyorkspecialed.net/districts/nyc-district-24-maspeth/parent-advocacy-guide.html
0,https://www.newyorkspecialed.net/districts/nyc-district-01-lower-east-side/partners/,,text/plain; charset=utf-8,false,404,0,1,false,10,https://www.newyorkspecialed.net/districts/nyc-district-01-lower-east-side/cse-meeting-guide.html
0,https://www.newyorkspecialed.net/districts/schenectady-city-sd/discipline-rights/,,text/plain; charset=utf-8,false,404,0,1,false,9,https://www.newyorkspecialed.net/districts/schenectady-city-sd/evaluation-process.html
0,https://www.newyorkspecialed.net/districts/sachem-csd/leadership-directory/,,text/plain; charset=utf-8,false,404,0,1,false,9,https://www.newyorkspecialed.net/districts/sachem-csd/evaluation-process.html
0,https://www.newyorkspecialed.net/districts/east-ramapo-csd/evaluation-process/,,text/plain; charset=utf-8,false,404,0,1,false,9,https://www.newyorkspecialed.net/districts/east-ramapo-csd/evaluation-process.html
0,https://www.newyorkspecialed.net/districts/nyc-district-25-flushing/special-ed-updates/,,text/plain; charset=utf-8,false,404,0,1,false,9,https://www.newyorkspecialed.net/districts/nyc-district-25-flushing/parent-advocacy-guide.html
0,https://www.newyorkspecialed.net/districts/nyc-district-30-astoria/partners/,,text/plain; charset=utf-8,false,404,0,1,false,10,https://www.newyorkspecialed.net/districts/nyc-district-30-astoria/parent-advocacy-guide.html
0,https://www.newyorkspecialed.net/districts/nyc-district-24-maspeth/evaluation-process/,,text/plain; charset=utf-8,false,404,0,1,false,10,https://www.newyorkspecialed.net/districts/nyc-district-24-maspeth/parent-advocacy-guide.html
0,https://www.newyorkspecialed.net/districts/east-ramapo-csd/special-ed-updates/,,text/plain; charset=utf-8,false,404,0,1,false,9,https://www.newyorkspecialed.net/districts/east-ramapo-csd/evaluation-process.html
0,https://www.newyorkspecialed.net/districts/niagara-falls-city-sd/evaluation-process/,,text/plain; charset=utf-8,false,404,0,1,false,9,https://www.newyorkspecialed.net/districts/niagara-falls-city-sd/
0,https://www.newyorkspecialed.net/districts/syracuse-city-sd/parent-advocacy-guide/,,text/plain; charset=utf-8,false,404,0,1,false,2,https://www.newyorkspecialed.net/districts/syracuse-city-sd/partners.html
0,https://www.newyorkspecialed.net/districts/rochester-city-sd/parent-advocacy-guide/,,text/plain; charset=utf-8,false,404,0,1,false,2,https://www.newyorkspecialed.net/districts/rochester-city-sd/parent-advocacy-guide.html
0,https://www.newyorkspecialed.net/districts/nyc-district-01-lower-east-side/discipline-rights/,,text/plain; charset=utf-8,false,404,0,1,false,10,https://www.newyorkspecialed.net/districts/nyc-district-01-lower-east-side/cse-meeting-guide.html
0,https://www.newyorkspecialed.net/districts/nyc-district-32-bushwick/cse-meeting-guide/,,text/plain; charset=utf-8,false,404,0,1,false,9,https://www.newyorkspecialed.net/districts/nyc-district-32-bushwick/parent-advocacy-guide.html
0,https://www.newyorkspecialed.net/districts/nyc-district-03-upper-west-side/evaluation-process/,,text/plain; charset=utf-8,false,404,0,1,false,10,https://www.newyorkspecialed.net/districts/nyc-district-03-upper-west-side/discipline-rights.html
0,https://www.newyorkspecialed.net/districts/niagara-falls-city-sd/partners/,,text/plain; charset=utf-8,false,404,0,1,false,9,https://www.newyorkspecialed.net/districts/niagara-falls-city-sd/
0,https://www.newyorkspecialed.net/districts/schenectady-city-sd/partners/,,text/plain; charset=utf-8,false,404,0,1,false,9,https://www.newyorkspecialed.net/districts/schenectady-city-sd/evaluation-process.html
0,https://www.newyorkspecialed.net/districts/nyc-district-22-midwood/leadership-directory/,,text/plain; charset=utf-8,false,404,0,1,false,10,https://www.newyorkspecialed.net/districts/nyc-district-22-midwood/special-ed-updates.html
0,https://www.newyorkspecialed.net/districts/central-islip-ufsd/cse-meeting-guide/,,text/plain; charset=utf-8,false,404,0,1,false,9,https://www.newyorkspecialed.net/districts/central-islip-ufsd/discipline-rights.html
0,https://www.newyorkspecialed.net/districts/nyc-district-06-washington-heights/parent-advocacy-guide/,,text/plain; charset=utf-8,false,404,0,1,false,2,https://www.newyorkspecialed.net/districts/nyc-district-06-washington-heights/parent-advocacy-guide.html
0,https://www.newyorkspecialed.net/districts/nyc-district-29-queens-village/leadership-directory/,,text/plain; charset=utf-8,false,404,0,1,false,9,https://www.newyorkspecialed.net/districts/nyc-district-29-queens-village/special-ed-updates.html
0,https://www.newyorkspecialed.net/districts/nyc-district-05-central-harlem/partners/,,text/plain; charset=utf-8,false,404,0,1,false,10,https://www.newyorkspecialed.net/districts/nyc-district-05-central-harlem/special-ed-updates.html
0,https://www.newyorkspecialed.net/districts/nyc-district-01-lower-east-side/leadership-directory/,,text/plain; charset=utf-8,false,404,0,1,false,10,https://www.newyorkspecialed.net/districts/nyc-district-01-lower-east-side/cse-meeting-guide.html
0,https://www.newyorkspecialed.net/districts/nyc-district-28-forest-hills/parent-advocacy-guide/,,text/plain; charset=utf-8,false,404,0,1,false,4,https://www.newyorkspecialed.net/districts/nyc-district-28-forest-hills/partners.html
0,https://www.newyorkspecialed.net/districts/nyc-district-16-bed-stuy/special-ed-updates/,,text/plain; charset=utf-8,false,404,0,1,false,9,https://www.newyorkspecialed.net/districts/nyc-district-16-bed-stuy/leadership-directory.html
0,https://www.newyorkspecialed.net/districts/nyc-district-28-forest-hills/special-ed-updates/,,text/plain; charset=utf-8,false,404,0,1,false,9,https://www.newyorkspecialed.net/districts/nyc-district-28-forest-hills/partners.html
0,https://www.newyorkspecialed.net/districts/nyc-district-02-upper-east-side/discipline-rights/,,text/plain; charset=utf-8,false,404,0,1,false,10,https://www.newyorkspecialed.net/districts/nyc-district-02-upper-east-side/cse-meeting-guide.html
0,https://www.newyorkspecialed.net/districts/nyc-district-13-brooklyn-heights/discipline-rights/,,text/plain; charset=utf-8,false,404,0,1,false,10,https://www.newyorkspecialed.net/districts/nyc-district-13-brooklyn-heights/evaluation-process.html
0,https://www.newyorkspecialed.net/districts/rochester-city-sd/discipline-rights/,,text/plain; charset=utf-8,false,404,0,1,false,10,https://www.newyorkspecialed.net/districts/rochester-city-sd/leadership-directory.html
0,https://www.newyorkspecialed.net/districts/nyc-district-07-south-bronx/discipline-rights/,,text/plain; charset=utf-8,false,404,0,1,false,9,https://www.newyorkspecialed.net/districts/nyc-district-07-south-bronx/special-ed-updates.html
0,https://www.newyorkspecialed.net/districts/nyc-district-11-pelham-parkway/parent-advocacy-guide/,,text/plain; charset=utf-8,false,404,0,1,false,4,https://www.newyorkspecialed.net/districts/nyc-district-11-pelham-parkway/parent-advocacy-guide.html
0,https://www.newyorkspecialed.net/districts/nyc-district-79/discipline-rights/,,text/plain; charset=utf-8,false,404,0,1,false,9,https://www.newyorkspecialed.net/districts/nyc-district-79/cse-meeting-guide.html
0,https://www.newyorkspecialed.net/districts/mount-vernon-city-sd/discipline-rights/,,text/plain; charset=utf-8,false,404,0,1,false,9,https://www.newyorkspecialed.net/districts/mount-vernon-city-sd/parent-advocacy-guide.html
0,https://www.newyorkspecialed.net/districts/white-plains-city-sd/discipline-rights/,,text/plain; charset=utf-8,false,404,0,1,false,9,https://www.newyorkspecialed.net/districts/white-plains-city-sd/evaluation-process.html
0,https://www.newyorkspecialed.net/districts/nyc-district-04-east-harlem/parent-advocacy-guide/,,text/plain; charset=utf-8,false,404,0,1,false,2,https://www.newyorkspecialed.net/districts/nyc-district-04-east-harlem/parent-advocacy-guide.html
0,https://www.newyorkspecialed.net/districts/central-islip-ufsd/leadership-directory/,,text/plain; charset=utf-8,false,404,0,1,false,9,https://www.newyorkspecialed.net/districts/central-islip-ufsd/discipline-rights.html
0,https://www.newyorkspecialed.net/districts/nyc-district-25-flushing/cse-meeting-guide/,,text/plain; charset=utf-8,false,404,0,1,false,9,https://www.newyorkspecialed.net/districts/nyc-district-25-flushing/parent-advocacy-guide.html
0,https://www.newyorkspecialed.net/districts/niagara-falls-city-sd/special-ed-updates/,,text/plain; charset=utf-8,false,404,0,1,false,9,https://www.newyorkspecialed.net/districts/niagara-falls-city-sd/
0,https://www.newyorkspecialed.net/districts/nyc-district-29-queens-village/partners/,,text/plain; charset=utf-8,false,404,0,1,false,9,https://www.newyorkspecialed.net/districts/nyc-district-29-queens-village/special-ed-updates.html
0,https://www.newyorkspecialed.net/districts/nyc-district-79/parent-advocacy-guide/,,text/plain; charset=utf-8,false,404,0,1,false,4,https://www.newyorkspecialed.net/districts/nyc-district-79/partners.html
0,https://www.newyorkspecialed.net/districts/brentwood-ufsd/cse-meeting-guide/,,text/plain; charset=utf-8,false,404,0,1,false,9,https://www.newyorkspecialed.net/districts/brentwood-ufsd/leadership-directory.html
0,https://www.newyorkspecialed.net/districts/mount-vernon-city-sd/cse-meeting-guide/,,text/plain; charset=utf-8,false,404,0,1,false,9,https://www.newyorkspecialed.net/districts/mount-vernon-city-sd/parent-advocacy-guide.html
0,https://www.newyorkspecialed.net/districts/nyc-district-30-astoria/evaluation-process/,,text/plain; charset=utf-8,false,404,0,1,false,10,https://www.newyorkspecialed.net/districts/nyc-district-30-astoria/parent-advocacy-guide.html
0,https://www.newyorkspecialed.net/districts/yonkers-city-sd/parent-advocacy-guide/,,text/plain; charset=utf-8,false,404,0,1,false,2,https://www.newyorkspecialed.net/districts/yonkers-city-sd/parent-advocacy-guide.html
0,https://www.newyorkspecialed.net/districts/nyc-district-29-queens-village/parent-advocacy-guide/,,text/plain; charset=utf-8,false,404,0,1,false,4,https://www.newyorkspecialed.net/districts/nyc-district-29-queens-village/
0,https://www.newyorkspecialed.net/districts/mount-vernon-city-sd/leadership-directory/,,text/plain; charset=utf-8,false,404,0,1,false,9,https://www.newyorkspecialed.net/districts/mount-vernon-city-sd/parent-advocacy-guide.html
0,https://www.newyorkspecialed.net/districts/nyc-district-01-lower-east-side/special-ed-updates/,,text/plain; charset=utf-8,false,404,0,1,false,10,https://www.newyorkspecialed.net/districts/nyc-district-01-lower-east-side/cse-meeting-guide.html
0,https://www.newyorkspecialed.net/districts/nyc-district-03-upper-west-side/cse-meeting-guide/,,text/plain; charset=utf-8,false,404,0,1,false,10,https://www.newyorkspecialed.net/districts/nyc-district-03-upper-west-side/discipline-rights.html
0,https://www.newyorkspecialed.net/districts/nyc-district-22-midwood/cse-meeting-guide/,,text/plain; charset=utf-8,false,404,0,1,false,10,https://www.newyorkspecialed.net/districts/nyc-district-22-midwood/special-ed-updates.html
0,https://www.newyorkspecialed.net/districts/nyc-district-27-rockaway/parent-advocacy-guide/,,text/plain; charset=utf-8,false,404,0,1,false,4,https://www.newyorkspecialed.net/districts/nyc-district-27-rockaway/partners.html
0,https://www.newyorkspecialed.net/districts/white-plains-city-sd/special-ed-updates/,,text/plain; charset=utf-8,false,404,0,1,false,9,https://www.newyorkspecialed.net/districts/white-plains-city-sd/evaluation-process.html
0,https://www.newyorkspecialed.net/districts/nyc-district-24-maspeth/leadership-directory/,,text/plain; charset=utf-8,false,404,0,1,false,10,https://www.newyorkspecialed.net/districts/nyc-district-24-maspeth/parent-advocacy-guide.html
0,https://www.newyorkspecialed.net/districts/brentwood-ufsd/discipline-rights/,,text/plain; charset=utf-8,false,404,0,1,false,9,https://www.newyorkspecialed.net/districts/brentwood-ufsd/leadership-directory.html
0,https://www.newyorkspecialed.net/districts/utica-city-sd/special-ed-updates/,,text/plain; charset=utf-8,false,404,0,1,false,9,https://www.newyorkspecialed.net/districts/utica-city-sd/cse-meeting-guide.html
0,https://www.newyorkspecialed.net/districts/nyc-district-18-east-flatbush/parent-advocacy-guide/,,text/plain; charset=utf-8,false,404,0,1,false,4,https://www.newyorkspecialed.net/districts/nyc-district-18-east-flatbush/
0,https://www.newyorkspecialed.net/districts/nyc-district-21-coney-island/discipline-rights/,,text/plain; charset=utf-8,false,404,0,1,false,9,https://www.newyorkspecialed.net/districts/nyc-district-21-coney-island/partners.html
0,https://www.newyorkspecialed.net/districts/nyc-district-79/special-ed-updates/,,text/plain; charset=utf-8,false,404,0,1,false,9,https://www.newyorkspecialed.net/districts/nyc-district-79/cse-meeting-guide.html
0,https://www.newyorkspecialed.net/districts/hempstead-ufsd/partners/,,text/plain; charset=utf-8,false,404,0,1,false,9,https://www.newyorkspecialed.net/districts/hempstead-ufsd/evaluation-process.html
0,https://www.newyorkspecialed.net/districts/nyc-district-14-williamsburg/special-ed-updates/,,text/plain; charset=utf-8,false,404,0,1,false,9,https://www.newyorkspecialed.net/districts/nyc-district-14-williamsburg/cse-meeting-guide.html
0,https://www.newyorkspecialed.net/districts/newburgh-enlarged-city-sd/discipline-rights/,,text/plain; charset=utf-8,false,404,0,1,false,9,https://www.newyorkspecialed.net/districts/newburgh-enlarged-city-sd/leadership-directory.html
0,https://www.newyorkspecialed.net/districts/new-rochelle-city-sd/parent-advocacy-guide/,,text/plain; charset=utf-8,false,404,0,1,false,4,https://www.newyorkspecialed.net/districts/new-rochelle-city-sd/parent-advocacy-guide.html
0,https://www.newyorkspecialed.net/districts/nyc-district-20-bay-ridge/cse-meeting-guide/,,text/plain; charset=utf-8,false,404,0,1,false,10,https://www.newyorkspecialed.net/districts/nyc-district-20-bay-ridge/cse-meeting-guide.html
0,https://www.newyorkspecialed.net/districts/nyc-district-14-williamsburg/evaluation-process/,,text/plain; charset=utf-8,false,404,0,1,false,9,https://www.newyorkspecialed.net/districts/nyc-district-14-williamsburg/cse-meeting-guide.html
0,https://www.newyorkspecialed.net/districts/william-floyd-ufsd/leadership-directory/,,text/plain; charset=utf-8,false,404,0,1,false,9,https://www.newyorkspecialed.net/districts/william-floyd-ufsd/discipline-rights.html
0,https://www.newyorkspecialed.net/districts/new-rochelle-city-sd/evaluation-process/,,text/plain; charset=utf-8,false,404,0,1,false,9,https://www.newyorkspecialed.net/districts/new-rochelle-city-sd/leadership-directory.html
0,https://www.newyorkspecialed.net/districts/greece-csd/cse-meeting-guide/,,text/plain; charset=utf-8,false,404,0,1,false,9,https://www.newyorkspecialed.net/districts/greece-csd/discipline-rights.html
0,https://www.newyorkspecialed.net/districts/mount-vernon-city-sd/evaluation-process/,,text/plain; charset=utf-8,false,404,0,1,false,9,https://www.newyorkspecialed.net/districts/mount-vernon-city-sd/parent-advocacy-guide.html
0,https://www.newyorkspecialed.net/districts/central-islip-ufsd/partners/,,text/plain; charset=utf-8,false,404,0,1,false,9,https://www.newyorkspecialed.net/districts/central-islip-ufsd/discipline-rights.html
0,https://www.newyorkspecialed.net/districts/utica-city-sd/cse-meeting-guide/,,text/plain; charset=utf-8,false,404,0,1,false,9,https://www.newyorkspecialed.net/districts/utica-city-sd/cse-meeting-guide.html
0,https://www.newyorkspecialed.net/districts/rochester-city-sd/partners/,,text/plain; charset=utf-8,false,404,0,1,false,10,https://www.newyorkspecialed.net/districts/rochester-city-sd/leadership-directory.html
0,https://www.newyorkspecialed.net/districts/hempstead-ufsd/discipline-rights/,,text/plain; charset=utf-8,false,404,0,1,false,9,https://www.newyorkspecialed.net/districts/hempstead-ufsd/evaluation-process.html
0,https://www.newyorkspecialed.net/districts/newburgh-enlarged-city-sd/special-ed-updates/,,text/plain; charset=utf-8,false,404,0,1,false,9,https://www.newyorkspecialed.net/districts/newburgh-enlarged-city-sd/leadership-directory.html
0,https://www.newyorkspecialed.net/districts/nyc-district-30-astoria/special-ed-updates/,,text/plain; charset=utf-8,false,404,0,1,false,10,https://www.newyorkspecialed.net/districts/nyc-district-30-astoria/parent-advocacy-guide.html
0,https://www.newyorkspecialed.net/districts/william-floyd-ufsd/parent-advocacy-guide/,,text/plain; charset=utf-8,false,404,0,1,false,4,https://www.newyorkspecialed.net/districts/william-floyd-ufsd/
0,https://www.newyorkspecialed.net/districts/nyc-district-27-rockaway/discipline-rights/,,text/plain; charset=utf-8,false,404,0,1,false,9,https://www.newyorkspecialed.net/districts/nyc-district-27-rockaway/discipline-rights.html
0,https://www.newyorkspecialed.net/districts/nyc-district-09-grand-concourse/partners/,,text/plain; charset=utf-8,false,404,0,1,false,9,https://www.newyorkspecialed.net/districts/nyc-district-09-grand-concourse/cse-meeting-guide.html
0,https://www.newyorkspecialed.net/districts/nyc-district-28-forest-hills/partners/,,text/plain; charset=utf-8,false,404,0,1,false,9,https://www.newyorkspecialed.net/districts/nyc-district-28-forest-hills/partners.html
0,https://www.newyorkspecialed.net/districts/nyc-district-12-soundview/evaluation-process/,,text/plain; charset=utf-8,false,404,0,1,false,9,https://www.newyorkspecialed.net/districts/nyc-district-12-soundview/leadership-directory.html
0,https://www.newyorkspecialed.net/districts/nyc-district-02-upper-east-side/partners/,,text/plain; charset=utf-8,false,404,0,1,false,10,https://www.newyorkspecialed.net/districts/nyc-district-02-upper-east-side/cse-meeting-guide.html
0,https://www.newyorkspecialed.net/districts/nyc-district-16-bed-stuy/partners/,,text/plain; charset=utf-8,false,404,0,1,false,9,https://www.newyorkspecialed.net/districts/nyc-district-16-bed-stuy/leadership-directory.html
0,https://www.newyorkspecialed.net/districts/nyc-district-23-brownsville/special-ed-updates/,,text/plain; charset=utf-8,false,404,0,1,false,9,https://www.newyorkspecialed.net/districts/nyc-district-23-brownsville/cse-meeting-guide.html
0,https://www.newyorkspecialed.net/districts/syracuse-city-sd/partners/,,text/plain; charset=utf-8,false,404,0,1,false,10,https://www.newyorkspecialed.net/districts/syracuse-city-sd/partners.html
0,https://www.newyorkspecialed.net/districts/nyc-district-75/cse-meeting-guide/,,text/plain; charset=utf-8,false,404,0,1,false,10,https://www.newyorkspecialed.net/districts/nyc-district-75/partners.html
0,https://www.newyorkspecialed.net/districts/buffalo-city-sd/discipline-rights/,,text/plain; charset=utf-8,false,404,0,1,false,10,https://www.newyorkspecialed.net/districts/buffalo-city-sd/evaluation-process.html
0,https://www.newyorkspecialed.net/districts/poughkeepsie-city-sd/leadership-directory/,,text/plain; charset=utf-8,false,404,0,1,false,9,https://www.newyorkspecialed.net/districts/poughkeepsie-city-sd/partners.html
0,https://www.newyorkspecialed.net/districts/nyc-district-06-washington-heights/partners/,,text/plain; charset=utf-8,false,404,0,1,false,10,https://www.newyorkspecialed.net/districts/nyc-district-06-washington-heights/leadership-directory.html
0,https://www.newyorkspecialed.net/districts/albany-city-sd/special-ed-updates/,,text/plain; charset=utf-8,false,404,0,1,false,10,https://www.newyorkspecialed.net/districts/albany-city-sd/discipline-rights.html
0,https://www.newyorkspecialed.net/districts/nyc-district-01-lower-east-side/parent-advocacy-guide/,,text/plain; charset=utf-8,false,404,0,1,false,2,https://www.newyorkspecialed.net/districts/nyc-district-01-lower-east-side/partners.html
0,https://www.newyorkspecialed.net/districts/nyc-district-28-forest-hills/cse-meeting-guide/,,text/plain; charset=utf-8,false,404,0,1,false,9,https://www.newyorkspecialed.net/districts/nyc-district-28-forest-hills/partners.html
0,https://www.newyorkspecialed.net/districts/albany-city-sd/discipline-rights/,,text/plain; charset=utf-8,false,404,0,1,false,10,https://www.newyorkspecialed.net/districts/albany-city-sd/discipline-rights.html
0,https://www.newyorkspecialed.net/districts/central-islip-ufsd/special-ed-updates/,,text/plain; charset=utf-8,false,404,0,1,false,9,https://www.newyorkspecialed.net/districts/central-islip-ufsd/discipline-rights.html
0,https://www.newyorkspecialed.net/districts/albany-city-sd/evaluation-process/,,text/plain; charset=utf-8,false,404,0,1,false,10,https://www.newyorkspecialed.net/districts/albany-city-sd/discipline-rights.html
0,https://www.newyorkspecialed.net/districts/greece-csd/special-ed-updates/,,text/plain; charset=utf-8,false,404,0,1,false,9,https://www.newyorkspecialed.net/districts/greece-csd/discipline-rights.html
0,https://www.newyorkspecialed.net/districts/nyc-district-19-east-new-york/partners/,,text/plain; charset=utf-8,false,404,0,1,false,9,https://www.newyorkspecialed.net/districts/nyc-district-19-east-new-york/cse-meeting-guide.html
0,https://www.newyorkspecialed.net/districts/nyc-district-21-coney-island/cse-meeting-guide/,,text/plain; charset=utf-8,false,404,0,1,false,9,https://www.newyorkspecialed.net/districts/nyc-district-21-coney-island/partners.html
0,https://www.newyorkspecialed.net/districts/william-floyd-ufsd/cse-meeting-guide/,,text/plain; charset=utf-8,false,404,0,1,false,9,https://www.newyorkspecialed.net/districts/william-floyd-ufsd/discipline-rights.html
0,https://www.newyorkspecialed.net/districts/schenectady-city-sd/evaluation-process/,,text/plain; charset=utf-8,false,404,0,1,false,9,https://www.newyorkspecialed.net/districts/schenectady-city-sd/evaluation-process.html
0,https://www.newyorkspecialed.net/districts/nyc-district-06-washington-heights/special-ed-updates/,,text/plain; charset=utf-8,false,404,0,1,false,10,https://www.newyorkspecialed.net/districts/nyc-district-06-washington-heights/leadership-directory.html
0,https://www.newyorkspecialed.net/districts/nyc-district-79/evaluation-process/,,text/plain; charset=utf-8,false,404,0,1,false,9,https://www.newyorkspecialed.net/districts/nyc-district-79/cse-meeting-guide.html
0,https://www.newyorkspecialed.net/districts/nyc-district-13-brooklyn-heights/cse-meeting-guide/,,text/plain; charset=utf-8,false,404,0,1,false,10,https://www.newyorkspecialed.net/districts/nyc-district-13-brooklyn-heights/evaluation-process.html
0,https://www.newyorkspecialed.net/districts/east-ramapo-csd/cse-meeting-guide/,,text/plain; charset=utf-8,false,404,0,1,false,9,https://www.newyorkspecialed.net/districts/east-ramapo-csd/evaluation-process.html
0,https://www.newyorkspecialed.net/districts/nyc-district-13-brooklyn-heights/special-ed-updates/,,text/plain; charset=utf-8,false,404,0,1,false,10,https://www.newyorkspecialed.net/districts/nyc-district-13-brooklyn-heights/evaluation-process.html
0,https://www.newyorkspecialed.net/districts/nyc-district-15-park-slope/partners/,,text/plain; charset=utf-8,false,404,0,1,false,10,https://www.newyorkspecialed.net/districts/nyc-district-15-park-slope/special-ed-updates.html
0,https://www.newyorkspecialed.net/districts/nyc-district-32-bushwick/parent-advocacy-guide/,,text/plain; charset=utf-8,false,404,0,1,false,4,https://www.newyorkspecialed.net/districts/nyc-district-32-bushwick/parent-advocacy-guide.html
0,https://www.newyorkspecialed.net/districts/east-ramapo-csd/partners/,,text/plain; charset=utf-8,false,404,0,1,false,9,https://www.newyorkspecialed.net/districts/east-ramapo-csd/evaluation-process.html
0,https://www.newyorkspecialed.net/districts/east-ramapo-csd/discipline-rights/,,text/plain; charset=utf-8,false,404,0,1,false,9,https://www.newyorkspecialed.net/districts/east-ramapo-csd/evaluation-process.html
0,https://www.newyorkspecialed.net/districts/nyc-district-03-upper-west-side/special-ed-updates/,,text/plain; charset=utf-8,false,404,0,1,false,10,https://www.newyorkspecialed.net/districts/nyc-district-03-upper-west-side/discipline-rights.html
0,https://www.newyorkspecialed.net/districts/nyc-district-14-williamsburg/partners/,,text/plain; charset=utf-8,false,404,0,1,false,9,https://www.newyorkspecialed.net/districts/nyc-district-14-williamsburg/cse-meeting-guide.html
0,https://www.newyorkspecialed.net/districts/syracuse-city-sd/special-ed-updates/,,text/plain; charset=utf-8,false,404,0,1,false,10,https://www.newyorkspecialed.net/districts/syracuse-city-sd/partners.html
0,https://www.newyorkspecialed.net/districts/yonkers-city-sd/evaluation-process/,,text/plain; charset=utf-8,false,404,0,1,false,10,https://www.newyorkspecialed.net/districts/yonkers-city-sd/evaluation-process.html
0,https://www.newyorkspecialed.net/districts/brentwood-ufsd/partners/,,text/plain; charset=utf-8,false,404,0,1,false,9,https://www.newyorkspecialed.net/districts/brentwood-ufsd/leadership-directory.html
0,https://www.newyorkspecialed.net/districts/nyc-district-26-bayside/special-ed-updates/,,text/plain; charset=utf-8,false,404,0,1,false,10,https://www.newyorkspecialed.net/districts/nyc-district-26-bayside/parent-advocacy-guide.html
0,https://www.newyorkspecialed.net/districts/nyc-district-15-park-slope/cse-meeting-guide/,,text/plain; charset=utf-8,false,404,0,1,false,10,https://www.newyorkspecialed.net/districts/nyc-district-15-park-slope/special-ed-updates.html
0,https://www.newyorkspecialed.net/districts/nyc-district-19-east-new-york/discipline-rights/,,text/plain; charset=utf-8,false,404,0,1,false,9,https://www.newyorkspecialed.net/districts/nyc-district-19-east-new-york/cse-meeting-guide.html
0,https://www.newyorkspecialed.net/districts/nyc-district-11-pelham-parkway/evaluation-process/,,text/plain; charset=utf-8,false,404,0,1,false,9,https://www.newyorkspecialed.net/districts/nyc-district-11-pelham-parkway/cse-meeting-guide.html
0,https://www.newyorkspecialed.net/districts/nyc-district-02-upper-east-side/leadership-directory/,,text/plain; charset=utf-8,false,404,0,1,false,10,https://www.newyorkspecialed.net/districts/nyc-district-02-upper-east-side/cse-meeting-guide.html
0,https://www.newyorkspecialed.net/districts/nyc-district-08-throgs-neck/parent-advocacy-guide/,,text/plain; charset=utf-8,false,404,0,1,false,4,https://www.newyorkspecialed.net/districts/nyc-district-08-throgs-neck/parent-advocacy-guide.html
0,https://www.newyorkspecialed.net/districts/nyc-district-31-staten-island/discipline-rights/,,text/plain; charset=utf-8,false,404,0,1,false,10,https://www.newyorkspecialed.net/districts/nyc-district-31-staten-island/discipline-rights.html
0,https://www.newyorkspecialed.net/districts/nyc-district-23-brownsville/partners/,,text/plain; charset=utf-8,false,404,0,1,false,9,https://www.newyorkspecialed.net/districts/nyc-district-23-brownsville/cse-meeting-guide.html
0,https://www.newyorkspecialed.net/districts/nyc-district-20-bay-ridge/evaluation-process/,,text/plain; charset=utf-8,false,404,0,1,false,10,https://www.newyorkspecialed.net/districts/nyc-district-20-bay-ridge/cse-meeting-guide.html
0,https://www.newyorkspecialed.net/districts/poughkeepsie-city-sd/partners/,,text/plain; charset=utf-8,false,404,0,1,false,9,https://www.newyorkspecialed.net/districts/poughkeepsie-city-sd/partners.html
0,https://www.newyorkspecialed.net/districts/greece-csd/parent-advocacy-guide/,,text/plain; charset=utf-8,false,404,0,1,false,4,https://www.newyorkspecialed.net/districts/greece-csd/parent-advocacy-guide.html
0,https://www.newyorkspecialed.net/districts/nyc-district-09-grand-concourse/discipline-rights/,,text/plain; charset=utf-8,false,404,0,1,false,9,https://www.newyorkspecialed.net/districts/nyc-district-09-grand-concourse/cse-meeting-guide.html
0,https://www.newyorkspecialed.net/districts/william-floyd-ufsd/evaluation-process/,,text/plain; charset=utf-8,false,404,0,1,false,9,https://www.newyorkspecialed.net/districts/william-floyd-ufsd/discipline-rights.html
0,https://www.newyorkspecialed.net/districts/nyc-district-23-brownsville/leadership-directory/,,text/plain; charset=utf-8,false,404,0,1,false,9,https://www.newyorkspecialed.net/districts/nyc-district-23-brownsville/cse-meeting-guide.html
0,https://www.newyorkspecialed.net/districts/nyc-district-01-lower-east-side/evaluation-process/,,text/plain; charset=utf-8,false,404,0,1,false,10,https://www.newyorkspecialed.net/districts/nyc-district-01-lower-east-side/cse-meeting-guide.html
0,https://www.newyorkspecialed.net/districts/nyc-district-19-east-new-york/cse-meeting-guide/,,text/plain; charset=utf-8,false,404,0,1,false,9,https://www.newyorkspecialed.net/districts/nyc-district-19-east-new-york/cse-meeting-guide.html
0,https://www.newyorkspecialed.net/districts/nyc-district-20-bay-ridge/partners/,,text/plain; charset=utf-8,false,404,0,1,false,10,https://www.newyorkspecialed.net/districts/nyc-district-20-bay-ridge/cse-meeting-guide.html
0,https://www.newyorkspecialed.net/districts/nyc-district-25-flushing/discipline-rights/,,text/plain; charset=utf-8,false,404,0,1,false,9,https://www.newyorkspecialed.net/districts/nyc-district-25-flushing/parent-advocacy-guide.html
0,https://www.newyorkspecialed.net/districts/nyc-district-23-brownsville/parent-advocacy-guide/,,text/plain; charset=utf-8,false,404,0,1,false,4,https://www.newyorkspecialed.net/districts/nyc-district-23-brownsville/partners.html
0,https://www.newyorkspecialed.net/districts/buffalo-city-sd/leadership-directory/,,text/plain; charset=utf-8,false,404,0,1,false,10,https://www.newyorkspecialed.net/districts/buffalo-city-sd/evaluation-process.html
0,https://www.newyorkspecialed.net/districts/nyc-district-07-south-bronx/partners/,,text/plain; charset=utf-8,false,404,0,1,false,9,https://www.newyorkspecialed.net/districts/nyc-district-07-south-bronx/special-ed-updates.html
0,https://www.newyorkspecialed.net/districts/nyc-district-03-upper-west-side/discipline-rights/,,text/plain; charset=utf-8,false,404,0,1,false,10,https://www.newyorkspecialed.net/districts/nyc-district-03-upper-west-side/discipline-rights.html
0,https://www.newyorkspecialed.net/districts/nyc-district-09-grand-concourse/special-ed-updates/,,text/plain; charset=utf-8,false,404,0,1,false,9,https://www.newyorkspecialed.net/districts/nyc-district-09-grand-concourse/cse-meeting-guide.html
0,https://www.newyorkspecialed.net/districts/yonkers-city-sd/leadership-directory/,,text/plain; charset=utf-8,false,404,0,1,false,10,https://www.newyorkspecialed.net/districts/yonkers-city-sd/evaluation-process.html
0,https://www.newyorkspecialed.net/districts/greece-csd/discipline-rights/,,text/plain; charset=utf-8,false,404,0,1,false,9,https://www.newyorkspecialed.net/districts/greece-csd/discipline-rights.html
0,https://www.newyorkspecialed.net/districts/nyc-district-29-queens-village/special-ed-updates/,,text/plain; charset=utf-8,false,404,0,1,false,9,https://www.newyorkspecialed.net/districts/nyc-district-29-queens-village/special-ed-updates.html
0,https://www.newyorkspecialed.net/districts/nyc-district-18-east-flatbush/leadership-directory/,,text/plain; charset=utf-8,false,404,0,1,false,9,https://www.newyorkspecialed.net/districts/nyc-district-18-east-flatbush/discipline-rights.html
0,https://www.newyorkspecialed.net/districts/nyc-district-79/leadership-directory/,,text/plain; charset=utf-8,false,404,0,1,false,9,https://www.newyorkspecialed.net/districts/nyc-district-79/cse-meeting-guide.html
0,https://www.newyorkspecialed.net/districts/utica-city-sd/parent-advocacy-guide/,,text/plain; charset=utf-8,false,404,0,1,false,4,https://www.newyorkspecialed.net/districts/utica-city-sd/parent-advocacy-guide.html
0,https://www.newyorkspecialed.net/districts/hempstead-ufsd/special-ed-updates/,,text/plain; charset=utf-8,false,404,0,1,false,9,https://www.newyorkspecialed.net/districts/hempstead-ufsd/evaluation-process.html
0,https://www.newyorkspecialed.net/districts/nyc-district-11-pelham-parkway/leadership-directory/,,text/plain; charset=utf-8,false,404,0,1,false,9,https://www.newyorkspecialed.net/districts/nyc-district-11-pelham-parkway/cse-meeting-guide.html
0,https://www.newyorkspecialed.net/districts/brentwood-ufsd/parent-advocacy-guide/,,text/plain; charset=utf-8,false,404,0,1,false,4,https://www.newyorkspecialed.net/districts/brentwood-ufsd/partners.html
0,https://www.newyorkspecialed.net/districts/newburgh-enlarged-city-sd/partners/,,text/plain; charset=utf-8,false,404,0,1,false,9,https://www.newyorkspecialed.net/districts/newburgh-enlarged-city-sd/leadership-directory.html
0,https://www.newyorkspecialed.net/districts/newburgh-enlarged-city-sd/cse-meeting-guide/,,text/plain; charset=utf-8,false,404,0,1,false,9,https://www.newyorkspecialed.net/districts/newburgh-enlarged-city-sd/leadership-directory.html
0,https://www.newyorkspecialed.net/districts/nyc-district-31-staten-island/evaluation-process/,,text/plain; charset=utf-8,false,404,0,1,false,10,https://www.newyorkspecialed.net/districts/nyc-district-31-staten-island/discipline-rights.html
0,https://www.newyorkspecialed.net/districts/nyc-district-10-riverdale/discipline-rights/,,text/plain; charset=utf-8,false,404,0,1,false,9,https://www.newyorkspecialed.net/districts/nyc-district-10-riverdale/cse-meeting-guide.html
0,https://www.newyorkspecialed.net/districts/nyc-district-10-riverdale/special-ed-updates/,,text/plain; charset=utf-8,false,404,0,1,false,9,https://www.newyorkspecialed.net/districts/nyc-district-10-riverdale/cse-meeting-guide.html
0,https://www.newyorkspecialed.net/districts/nyc-district-14-williamsburg/discipline-rights/,,text/plain; charset=utf-8,false,404,0,1,false,9,https://www.newyorkspecialed.net/districts/nyc-district-14-williamsburg/cse-meeting-guide.html
0,https://www.newyorkspecialed.net/districts/nyc-district-32-bushwick/partners/,,text/plain; charset=utf-8,false,404,0,1,false,9,https://www.newyorkspecialed.net/districts/nyc-district-32-bushwick/parent-advocacy-guide.html
0,https://www.newyorkspecialed.net/districts/buffalo-city-sd/evaluation-process/,,text/plain; charset=utf-8,false,404,0,1,false,10,https://www.newyorkspecialed.net/districts/buffalo-city-sd/evaluation-process.html
0,https://www.newyorkspecialed.net/districts/nyc-district-06-washington-heights/discipline-rights/,,text/plain; charset=utf-8,false,404,0,1,false,10,https://www.newyorkspecialed.net/districts/nyc-district-06-washington-heights/leadership-directory.html
0,https://www.newyorkspecialed.net/districts/hempstead-ufsd/parent-advocacy-guide/,,text/plain; charset=utf-8,false,404,0,1,false,4,https://www.newyorkspecialed.net/districts/hempstead-ufsd/partners.html
0,https://www.newyorkspecialed.net/districts/newburgh-enlarged-city-sd/evaluation-process/,,text/plain; charset=utf-8,false,404,0,1,false,9,https://www.newyorkspecialed.net/districts/newburgh-enlarged-city-sd/leadership-directory.html
0,https://www.newyorkspecialed.net/districts/nyc-district-02-upper-east-side/parent-advocacy-guide/,,text/plain; charset=utf-8,false,404,0,1,false,2,https://www.newyorkspecialed.net/districts/nyc-district-02-upper-east-side/partners.html
0,https://www.newyorkspecialed.net/districts/nyc-district-21-coney-island/parent-advocacy-guide/,,text/plain; charset=utf-8,false,404,0,1,false,4,https://www.newyorkspecialed.net/districts/nyc-district-21-coney-island/partners.html
0,https://www.newyorkspecialed.net/districts/nyc-district-19-east-new-york/evaluation-process/,,text/plain; charset=utf-8,false,404,0,1,false,9,https://www.newyorkspecialed.net/districts/nyc-district-19-east-new-york/cse-meeting-guide.html
0,https://www.newyorkspecialed.net/districts/nyc-district-20-bay-ridge/discipline-rights/,,text/plain; charset=utf-8,false,404,0,1,false,10,https://www.newyorkspecialed.net/districts/nyc-district-20-bay-ridge/cse-meeting-guide.html
0,https://www.newyorkspecialed.net/districts/nyc-district-06-washington-heights/leadership-directory/,,text/plain; charset=utf-8,false,404,0,1,false,10,https://www.newyorkspecialed.net/districts/nyc-district-06-washington-heights/leadership-directory.html
0,https://www.newyorkspecialed.net/districts/freeport-ufsd/parent-advocacy-guide/,,text/plain; charset=utf-8,false,404,0,1,false,4,https://www.newyorkspecialed.net/districts/freeport-ufsd/partners.html
0,https://www.newyorkspecialed.net/districts/nyc-district-30-astoria/parent-advocacy-guide/,,text/plain; charset=utf-8,false,404,0,1,false,2,https://www.newyorkspecialed.net/districts/nyc-district-30-astoria/parent-advocacy-guide.html
0,https://www.newyorkspecialed.net/districts/white-plains-city-sd/evaluation-process/,,text/plain; charset=utf-8,false,404,0,1,false,9,https://www.newyorkspecialed.net/districts/white-plains-city-sd/evaluation-process.html
0,https://www.newyorkspecialed.net/districts/nyc-district-28-forest-hills/discipline-rights/,,text/plain; charset=utf-8,false,404,0,1,false,9,https://www.newyorkspecialed.net/districts/nyc-district-28-forest-hills/partners.html
0,https://www.newyorkspecialed.net/districts/nyc-district-28-forest-hills/leadership-directory/,,text/plain; charset=utf-8,false,404,0,1,false,9,https://www.newyorkspecialed.net/districts/nyc-district-28-forest-hills/partners.html
0,https://www.newyorkspecialed.net/districts/hempstead-ufsd/leadership-directory/,,text/plain; charset=utf-8,false,404,0,1,false,9,https://www.newyorkspecialed.net/districts/hempstead-ufsd/evaluation-process.html
0,https://www.newyorkspecialed.net/districts/nyc-district-32-bushwick/discipline-rights/,,text/plain; charset=utf-8,false,404,0,1,false,9,https://www.newyorkspecialed.net/districts/nyc-district-32-bushwick/parent-advocacy-guide.html
0,https://www.newyorkspecialed.net/districts/nyc-district-75/evaluation-process/,,text/plain; charset=utf-8,false,404,0,1,false,10,https://www.newyorkspecialed.net/districts/nyc-district-75/partners.html
0,https://www.newyorkspecialed.net/districts/nyc-district-08-throgs-neck/special-ed-updates/,,text/plain; charset=utf-8,false,404,0,1,false,9,https://www.newyorkspecialed.net/districts/nyc-district-08-throgs-neck/cse-meeting-guide.html
0,https://www.newyorkspecialed.net/districts/mount-vernon-city-sd/parent-advocacy-guide/,,text/plain; charset=utf-8,false,404,0,1,false,4,https://www.newyorkspecialed.net/districts/mount-vernon-city-sd/parent-advocacy-guide.html
0,https://www.newyorkspecialed.net/districts/nyc-district-22-midwood/evaluation-process/,,text/plain; charset=utf-8,false,404,0,1,false,10,https://www.newyorkspecialed.net/districts/nyc-district-22-midwood/special-ed-updates.html
0,https://www.newyorkspecialed.net/districts/nyc-district-18-east-flatbush/discipline-rights/,,text/plain; charset=utf-8,false,404,0,1,false,9,https://www.newyorkspecialed.net/districts/nyc-district-18-east-flatbush/discipline-rights.html
0,https://www.newyorkspecialed.net/districts/nyc-district-13-brooklyn-heights/partners/,,text/plain; charset=utf-8,false,404,0,1,false,10,https://www.newyorkspecialed.net/districts/nyc-district-13-brooklyn-heights/evaluation-process.html
0,https://www.newyorkspecialed.net/districts/nyc-district-32-bushwick/evaluation-process/,,text/plain; charset=utf-8,false,404,0,1,false,9,https://www.newyorkspecialed.net/districts/nyc-district-32-bushwick/parent-advocacy-guide.html
0,https://www.newyorkspecialed.net/districts/nyc-district-17-crown-heights/parent-advocacy-guide/,,text/plain; charset=utf-8,false,404,0,1,false,4,https://www.newyorkspecialed.net/districts/nyc-district-17-crown-heights/
0,https://www.newyorkspecialed.net/about/methodology/,,text/plain; charset=utf-8,false,404,0,1,false,2,https://www.newyorkspecialed.net/about/
0,https://www.newyorkspecialed.net/districts/freeport-ufsd/partners/,,text/plain; charset=utf-8,false,404,0,1,false,9,https://www.newyorkspecialed.net/districts/freeport-ufsd/partners.html
0,https://www.newyorkspecialed.net/districts/nyc-district-08-throgs-neck/evaluation-process/,,text/plain; charset=utf-8,false,404,0,1,false,9,https://www.newyorkspecialed.net/districts/nyc-district-08-throgs-neck/cse-meeting-guide.html
0,https://www.newyorkspecialed.net/districts/nyc-district-08-throgs-neck/discipline-rights/,,text/plain; charset=utf-8,false,404,0,1,false,9,https://www.newyorkspecialed.net/districts/nyc-district-08-throgs-neck/cse-meeting-guide.html
0,https://www.newyorkspecialed.net/districts/nyc-district-05-central-harlem/cse-meeting-guide/,,text/plain; charset=utf-8,false,404,0,1,false,10,https://www.newyorkspecialed.net/districts/nyc-district-05-central-harlem/special-ed-updates.html
0,https://www.newyorkspecialed.net/districts/nyc-district-02-upper-east-side/evaluation-process/,,text/plain; charset=utf-8,false,404,0,1,false,10,https://www.newyorkspecialed.net/districts/nyc-district-02-upper-east-side/cse-meeting-guide.html
0,https://www.newyorkspecialed.net/districts/nyc-district-21-coney-island/special-ed-updates/,,text/plain; charset=utf-8,false,404,0,1,false,9,https://www.newyorkspecialed.net/districts/nyc-district-21-coney-island/partners.html
0,https://www.newyorkspecialed.net/districts/nyc-district-27-rockaway/partners/,,text/plain; charset=utf-8,false,404,0,1,false,9,https://www.newyorkspecialed.net/districts/nyc-district-27-rockaway/discipline-rights.html
0,https://www.newyorkspecialed.net/districts/nyc-district-05-central-harlem/special-ed-updates/,,text/plain; charset=utf-8,false,404,0,1,false,10,https://www.newyorkspecialed.net/districts/nyc-district-05-central-harlem/special-ed-updates.html
0,https://www.newyorkspecialed.net/districts/schenectady-city-sd/parent-advocacy-guide/,,text/plain; charset=utf-8,false,404,0,1,false,4,https://www.newyorkspecialed.net/districts/schenectady-city-sd/parent-advocacy-guide.html
0,https://www.newyorkspecialed.net/districts/nyc-district-11-pelham-parkway/cse-meeting-guide/,,text/plain; charset=utf-8,false,404,0,1,false,9,https://www.newyorkspecialed.net/districts/nyc-district-11-pelham-parkway/cse-meeting-guide.html
0,https://www.newyorkspecialed.net/districts/william-floyd-ufsd/partners/,,text/plain; charset=utf-8,false,404,0,1,false,9,https://www.newyorkspecialed.net/districts/william-floyd-ufsd/discipline-rights.html
0,https://www.newyorkspecialed.net/districts/nyc-district-17-crown-heights/evaluation-process/,,text/plain; charset=utf-8,false,404,0,1,false,9,https://www.newyorkspecialed.net/districts/nyc-district-17-crown-heights/cse-meeting-guide.html
0,https://www.newyorkspecialed.net/districts/nyc-district-20-bay-ridge/special-ed-updates/,,text/plain; charset=utf-8,false,404,0,1,false,10,https://www.newyorkspecialed.net/districts/nyc-district-20-bay-ridge/cse-meeting-guide.html
0,https://www.newyorkspecialed.net/districts/nyc-district-16-bed-stuy/cse-meeting-guide/,,text/plain; charset=utf-8,false,404,0,1,false,9,https://www.newyorkspecialed.net/districts/nyc-district-16-bed-stuy/leadership-directory.html
0,https://www.newyorkspecialed.net/districts/nyc-district-20-bay-ridge/parent-advocacy-guide/,,text/plain; charset=utf-8,false,404,0,1,false,2,https://www.newyorkspecialed.net/districts/nyc-district-20-bay-ridge/partners.html
0,https://www.newyorkspecialed.net/districts/white-plains-city-sd/cse-meeting-guide/,,text/plain; charset=utf-8,false,404,0,1,false,9,https://www.newyorkspecialed.net/districts/white-plains-city-sd/evaluation-process.html
0,https://www.newyorkspecialed.net/districts/nyc-district-31-staten-island/parent-advocacy-guide/,,text/plain; charset=utf-8,false,404,0,1,false,2,https://www.newyorkspecialed.net/districts/nyc-district-31-staten-island/partners.html
0,https://www.newyorkspecialed.net/districts/nyc-district-07-south-bronx/special-ed-updates/,,text/plain; charset=utf-8,false,404,0,1,false,9,https://www.newyorkspecialed.net/districts/nyc-district-07-south-bronx/special-ed-updates.html
0,https://www.newyorkspecialed.net/districts/nyc-district-19-east-new-york/special-ed-updates/,,text/plain; charset=utf-8,false,404,0,1,false,9,https://www.newyorkspecialed.net/districts/nyc-district-19-east-new-york/cse-meeting-guide.html
0,https://www.newyorkspecialed.net/districts/new-rochelle-city-sd/discipline-rights/,,text/plain; charset=utf-8,false,404,0,1,false,9,https://www.newyorkspecialed.net/districts/new-rochelle-city-sd/leadership-directory.html
0,https://www.newyorkspecialed.net/districts/nyc-district-75/discipline-rights/,,text/plain; charset=utf-8,false,404,0,1,false,10,https://www.newyorkspecialed.net/districts/nyc-district-75/partners.html
