File,Title Pass (<=65 chars),Desc Pass (>=70 chars),H1 Pass (Exists),CSS Pass (Absolute),OG Tags Pass
index.html,True,True,True,True,True
terms.html,True,True,True,True,True
.git\partners.html,True,True,True,True,True
about\index.html,True,True,True,True,True
about\methodology.html,True,True,True,True,True
about\mission.html,True,True,True,True,True
about\partners.html,True,True,True,True,True
components\components-footer.html,False,False,False,True,False
components\components-navbar.html,False,False,False,True,False
contact\index.html,True,True,True,True,True
districts\index.html,True,True,True,True,True
districts\albany-city-sd\cse-meeting-guide.html,True,True,True,True,True
districts\albany-city-sd\discipline-rights.html,True,True,True,True,True
districts\albany-city-sd\evaluation-process.html,True,True,True,True,True
districts\albany-city-sd\index.html,True,True,True,True,True
districts\albany-city-sd\leadership-directory.html,True,True,True,True,True
districts\albany-city-sd\parent-advocacy-guide.html,True,True,True,True,True
districts\albany-city-sd\partners.html,True,True,True,True,True
districts\albany-city-sd\special-ed-updates.html,True,True,True,True,True
districts\brentwood-ufsd\cse-meeting-guide.html,True,True,True,True,True
districts\brentwood-ufsd\discipline-rights.html,True,True,True,True,True
districts\brentwood-ufsd\evaluation-process.html,True,True,True,True,True
districts\brentwood-ufsd\index.html,True,True,True,True,True
districts\brentwood-ufsd\leadership-directory.html,True,True,True,True,True
districts\brentwood-ufsd\parent-advocacy-guide.html,True,True,True,True,True
districts\brentwood-ufsd\partners.html,True,True,True,True,True
districts\brentwood-ufsd\special-ed-updates.html,True,True,True,True,True
districts\buffalo-city-sd\cse-meeting-guide.html,True,True,True,True,True
districts\buffalo-city-sd\discipline-rights.html,True,True,True,True,True
districts\buffalo-city-sd\evaluation-process.html,True,True,True,True,True
districts\buffalo-city-sd\index.html,True,True,True,True,True
districts\buffalo-city-sd\leadership-directory.html,True,True,True,True,True
districts\buffalo-city-sd\parent-advocacy-guide.html,True,True,True,True,True
districts\buffalo-city-sd\partners.html,True,True,True,True,True
districts\buffalo-city-sd\special-ed-updates.html,True,True,True,True,True
districts\central-islip-ufsd\cse-meeting-guide.html,True,True,True,True,True
districts\central-islip-ufsd\discipline-rights.html,True,True,True,True,True
districts\central-islip-ufsd\evaluation-process.html,True,True,True,True,True
districts\central-islip-ufsd\index.html,True,True,True,True,True
districts\central-islip-ufsd\leadership-directory.html,True,True,True,True,True
districts\central-islip-ufsd\parent-advocacy-guide.html,True,True,True,True,True
districts\central-islip-ufsd\partners.html,True,True,True,True,True
districts\central-islip-ufsd\special-ed-updates.html,True,True,True,True,True
districts\east-ramapo-csd\cse-meeting-guide.html,True,True,True,True,True
districts\east-ramapo-csd\discipline-rights.html,True,True,True,True,True
districts\east-ramapo-csd\evaluation-process.html,True,True,True,True,True
districts\east-ramapo-csd\index.html,True,True,True,True,True
districts\east-ramapo-csd\leadership-directory.html,True,True,True,True,True
districts\east-ramapo-csd\parent-advocacy-guide.html,True,True,True,True,True
districts\east-ramapo-csd\partners.html,True,True,True,True,True
districts\east-ramapo-csd\special-ed-updates.html,True,True,True,True,True
districts\freeport-ufsd\cse-meeting-guide.html,True,True,True,True,True
districts\freeport-ufsd\discipline-rights.html,True,True,True,True,True
districts\freeport-ufsd\evaluation-process.html,True,True,True,True,True
districts\freeport-ufsd\index.html,True,True,True,True,True
districts\freeport-ufsd\leadership-directory.html,True,True,True,True,True
districts\freeport-ufsd\parent-advocacy-guide.html,True,True,True,True,True
districts\freeport-ufsd\partners.html,True,True,True,True,True
districts\freeport-ufsd\special-ed-updates.html,True,True,True,True,True
districts\greece-csd\cse-meeting-guide.html,True,True,True,True,True
districts\greece-csd\discipline-rights.html,True,True,True,True,True
districts\greece-csd\evaluation-process.html,True,True,True,True,True
districts\greece-csd\index.html,True,True,True,True,True
districts\greece-csd\leadership-directory.html,True,True,True,True,True
districts\greece-csd\parent-advocacy-guide.html,True,True,True,True,True
districts\greece-csd\partners.html,True,True,True,True,True
districts\greece-csd\special-ed-updates.html,True,True,True,True,True
districts\hempstead-ufsd\cse-meeting-guide.html,True,True,True,True,True
districts\hempstead-ufsd\discipline-rights.html,True,True,True,True,True
districts\hempstead-ufsd\evaluation-process.html,True,True,True,True,True
districts\hempstead-ufsd\index.html,True,True,True,True,True
districts\hempstead-ufsd\leadership-directory.html,True,True,True,True,True
districts\hempstead-ufsd\parent-advocacy-guide.html,True,True,True,True,True
districts\hempstead-ufsd\partners.html,True,True,True,True,True
districts\hempstead-ufsd\special-ed-updates.html,True,True,True,True,True
districts\mount-vernon-city-sd\cse-meeting-guide.html,True,True,True,True,True
districts\mount-vernon-city-sd\discipline-rights.html,True,True,True,True,True
districts\mount-vernon-city-sd\evaluation-process.html,True,True,True,True,True
districts\mount-vernon-city-sd\index.html,True,True,True,True,True
districts\mount-vernon-city-sd\leadership-directory.html,True,True,True,True,True
districts\mount-vernon-city-sd\parent-advocacy-guide.html,True,True,True,True,True
districts\mount-vernon-city-sd\partners.html,True,True,True,True,True
districts\mount-vernon-city-sd\special-ed-updates.html,True,True,True,True,True
districts\new-rochelle-city-sd\cse-meeting-guide.html,True,True,True,True,True
districts\new-rochelle-city-sd\discipline-rights.html,True,True,True,True,True
districts\new-rochelle-city-sd\evaluation-process.html,True,True,True,True,True
districts\new-rochelle-city-sd\index.html,True,True,True,True,True
districts\new-rochelle-city-sd\leadership-directory.html,True,True,True,True,True
districts\new-rochelle-city-sd\parent-advocacy-guide.html,True,True,True,True,True
districts\new-rochelle-city-sd\partners.html,True,True,True,True,True
districts\new-rochelle-city-sd\special-ed-updates.html,True,True,True,True,True
districts\newburgh-enlarged-city-sd\cse-meeting-guide.html,True,True,True,True,True
districts\newburgh-enlarged-city-sd\discipline-rights.html,True,True,True,True,True
districts\newburgh-enlarged-city-sd\evaluation-process.html,True,True,True,True,True
districts\newburgh-enlarged-city-sd\index.html,True,True,True,True,True
districts\newburgh-enlarged-city-sd\leadership-directory.html,True,True,True,True,True
districts\newburgh-enlarged-city-sd\parent-advocacy-guide.html,True,True,True,True,True
districts\newburgh-enlarged-city-sd\partners.html,True,True,True,True,True
districts\newburgh-enlarged-city-sd\special-ed-updates.html,True,True,True,True,True
districts\niagara-falls-city-sd\cse-meeting-guide.html,True,True,True,True,True
districts\niagara-falls-city-sd\discipline-rights.html,True,True,True,True,True
districts\niagara-falls-city-sd\evaluation-process.html,True,True,True,True,True
districts\niagara-falls-city-sd\index.html,True,True,True,True,True
districts\niagara-falls-city-sd\leadership-directory.html,True,True,True,True,True
districts\niagara-falls-city-sd\parent-advocacy-guide.html,True,True,True,True,True
districts\niagara-falls-city-sd\partners.html,True,True,True,True,True
districts\niagara-falls-city-sd\special-ed-updates.html,True,True,True,True,True
districts\nyc-district-01-lower-east-side\cse-meeting-guide.html,True,True,True,True,True
districts\nyc-district-01-lower-east-side\discipline-rights.html,True,True,True,True,True
districts\nyc-district-01-lower-east-side\evaluation-process.html,True,True,True,True,True
districts\nyc-district-01-lower-east-side\index.html,True,True,True,True,True
districts\nyc-district-01-lower-east-side\leadership-directory.html,True,True,True,True,True
districts\nyc-district-01-lower-east-side\parent-advocacy-guide.html,True,True,True,True,True
districts\nyc-district-01-lower-east-side\partners.html,True,True,True,True,True
districts\nyc-district-01-lower-east-side\special-ed-updates.html,True,True,True,True,True
districts\nyc-district-02-upper-east-side\cse-meeting-guide.html,True,True,True,True,True
districts\nyc-district-02-upper-east-side\discipline-rights.html,True,True,True,True,True
districts\nyc-district-02-upper-east-side\evaluation-process.html,True,True,True,True,True
districts\nyc-district-02-upper-east-side\index.html,True,True,True,True,True
districts\nyc-district-02-upper-east-side\leadership-directory.html,True,True,True,True,True
districts\nyc-district-02-upper-east-side\parent-advocacy-guide.html,True,True,True,True,True
districts\nyc-district-02-upper-east-side\partners.html,True,True,True,True,True
districts\nyc-district-02-upper-east-side\special-ed-updates.html,True,True,True,True,True
districts\nyc-district-03-upper-west-side\cse-meeting-guide.html,True,True,True,True,True
districts\nyc-district-03-upper-west-side\discipline-rights.html,True,True,True,True,True
districts\nyc-district-03-upper-west-side\evaluation-process.html,True,True,True,True,True
districts\nyc-district-03-upper-west-side\index.html,True,True,True,True,True
districts\nyc-district-03-upper-west-side\leadership-directory.html,True,True,True,True,True
districts\nyc-district-03-upper-west-side\parent-advocacy-guide.html,True,True,True,True,True
districts\nyc-district-03-upper-west-side\partners.html,True,True,True,True,True
districts\nyc-district-03-upper-west-side\special-ed-updates.html,True,True,True,True,True
districts\nyc-district-04-east-harlem\cse-meeting-guide.html,True,True,True,True,True
districts\nyc-district-04-east-harlem\discipline-rights.html,True,True,True,True,True
districts\nyc-district-04-east-harlem\evaluation-process.html,True,True,True,True,True
districts\nyc-district-04-east-harlem\index.html,True,True,True,True,True
districts\nyc-district-04-east-harlem\leadership-directory.html,True,True,True,True,True
districts\nyc-district-04-east-harlem\parent-advocacy-guide.html,True,True,True,True,True
districts\nyc-district-04-east-harlem\partners.html,True,True,True,True,True
districts\nyc-district-04-east-harlem\special-ed-updates.html,True,True,True,True,True
districts\nyc-district-05-central-harlem\cse-meeting-guide.html,True,True,True,True,True
districts\nyc-district-05-central-harlem\discipline-rights.html,True,True,True,True,True
districts\nyc-district-05-central-harlem\evaluation-process.html,True,True,True,True,True
districts\nyc-district-05-central-harlem\index.html,True,True,True,True,True
districts\nyc-district-05-central-harlem\leadership-directory.html,True,True,True,True,True
districts\nyc-district-05-central-harlem\parent-advocacy-guide.html,True,True,True,True,True
districts\nyc-district-05-central-harlem\partners.html,True,True,True,True,True
districts\nyc-district-05-central-harlem\special-ed-updates.html,True,True,True,True,True
districts\nyc-district-06-washington-heights\cse-meeting-guide.html,True,True,True,True,True
districts\nyc-district-06-washington-heights\discipline-rights.html,True,True,True,True,True
districts\nyc-district-06-washington-heights\evaluation-process.html,True,True,True,True,True
districts\nyc-district-06-washington-heights\index.html,True,True,True,True,True
districts\nyc-district-06-washington-heights\leadership-directory.html,True,True,True,True,True
districts\nyc-district-06-washington-heights\parent-advocacy-guide.html,True,True,True,True,True
districts\nyc-district-06-washington-heights\partners.html,True,True,True,True,True
districts\nyc-district-06-washington-heights\special-ed-updates.html,True,True,True,True,True
districts\nyc-district-07-south-bronx\cse-meeting-guide.html,True,True,True,True,True
districts\nyc-district-07-south-bronx\discipline-rights.html,True,True,True,True,True
districts\nyc-district-07-south-bronx\evaluation-process.html,True,True,True,True,True
districts\nyc-district-07-south-bronx\index.html,True,True,True,True,True
districts\nyc-district-07-south-bronx\leadership-directory.html,True,True,True,True,True
districts\nyc-district-07-south-bronx\parent-advocacy-guide.html,True,True,True,True,True
districts\nyc-district-07-south-bronx\partners.html,True,True,True,True,True
districts\nyc-district-07-south-bronx\special-ed-updates.html,True,True,True,True,True
districts\nyc-district-08-throgs-neck\cse-meeting-guide.html,True,True,True,True,True
districts\nyc-district-08-throgs-neck\discipline-rights.html,True,True,True,True,True
districts\nyc-district-08-throgs-neck\evaluation-process.html,True,True,True,True,True
districts\nyc-district-08-throgs-neck\index.html,True,True,True,True,True
districts\nyc-district-08-throgs-neck\leadership-directory.html,True,True,True,True,True
districts\nyc-district-08-throgs-neck\parent-advocacy-guide.html,True,True,True,True,True
districts\nyc-district-08-throgs-neck\partners.html,True,True,True,True,True
districts\nyc-district-08-throgs-neck\special-ed-updates.html,True,True,True,True,True
districts\nyc-district-09-grand-concourse\cse-meeting-guide.html,True,True,True,True,True
districts\nyc-district-09-grand-concourse\discipline-rights.html,True,True,True,True,True
districts\nyc-district-09-grand-concourse\evaluation-process.html,True,True,True,True,True
districts\nyc-district-09-grand-concourse\index.html,True,True,True,True,True
districts\nyc-district-09-grand-concourse\leadership-directory.html,True,True,True,True,True
districts\nyc-district-09-grand-concourse\parent-advocacy-guide.html,True,True,True,True,True
districts\nyc-district-09-grand-concourse\partners.html,True,True,True,True,True
districts\nyc-district-09-grand-concourse\special-ed-updates.html,True,True,True,True,True
districts\nyc-district-10-riverdale\cse-meeting-guide.html,True,True,True,True,True
districts\nyc-district-10-riverdale\discipline-rights.html,True,True,True,True,True
districts\nyc-district-10-riverdale\evaluation-process.html,True,True,True,True,True
districts\nyc-district-10-riverdale\index.html,True,True,True,True,True
districts\nyc-district-10-riverdale\leadership-directory.html,True,True,True,True,True
districts\nyc-district-10-riverdale\parent-advocacy-guide.html,True,True,True,True,True
districts\nyc-district-10-riverdale\partners.html,True,True,True,True,True
districts\nyc-district-10-riverdale\special-ed-updates.html,True,True,True,True,True
districts\nyc-district-11-pelham-parkway\cse-meeting-guide.html,True,True,True,True,True
districts\nyc-district-11-pelham-parkway\discipline-rights.html,True,True,True,True,True
districts\nyc-district-11-pelham-parkway\evaluation-process.html,True,True,True,True,True
districts\nyc-district-11-pelham-parkway\index.html,True,True,True,True,True
districts\nyc-district-11-pelham-parkway\leadership-directory.html,True,True,True,True,True
districts\nyc-district-11-pelham-parkway\parent-advocacy-guide.html,True,True,True,True,True
districts\nyc-district-11-pelham-parkway\partners.html,True,True,True,True,True
districts\nyc-district-11-pelham-parkway\special-ed-updates.html,True,True,True,True,True
districts\nyc-district-12-soundview\cse-meeting-guide.html,True,True,True,True,True
districts\nyc-district-12-soundview\discipline-rights.html,True,True,True,True,True
districts\nyc-district-12-soundview\evaluation-process.html,True,True,True,True,True
districts\nyc-district-12-soundview\index.html,True,True,True,True,True
districts\nyc-district-12-soundview\leadership-directory.html,True,True,True,True,True
districts\nyc-district-12-soundview\parent-advocacy-guide.html,True,True,True,True,True
districts\nyc-district-12-soundview\partners.html,True,True,True,True,True
districts\nyc-district-12-soundview\special-ed-updates.html,True,True,True,True,True
districts\nyc-district-13-brooklyn-heights\cse-meeting-guide.html,True,True,True,True,True
districts\nyc-district-13-brooklyn-heights\discipline-rights.html,True,True,True,True,True
districts\nyc-district-13-brooklyn-heights\evaluation-process.html,True,True,True,True,True
districts\nyc-district-13-brooklyn-heights\index.html,True,True,True,True,True
districts\nyc-district-13-brooklyn-heights\leadership-directory.html,True,True,True,True,True
districts\nyc-district-13-brooklyn-heights\parent-advocacy-guide.html,True,True,True,True,True
districts\nyc-district-13-brooklyn-heights\partners.html,True,True,True,True,True
districts\nyc-district-13-brooklyn-heights\special-ed-updates.html,True,True,True,True,True
districts\nyc-district-14-williamsburg\cse-meeting-guide.html,True,True,True,True,True
districts\nyc-district-14-williamsburg\discipline-rights.html,True,True,True,True,True
districts\nyc-district-14-williamsburg\evaluation-process.html,True,True,True,True,True
districts\nyc-district-14-williamsburg\index.html,True,True,True,True,True
districts\nyc-district-14-williamsburg\leadership-directory.html,True,True,True,True,True
districts\nyc-district-14-williamsburg\parent-advocacy-guide.html,True,True,True,True,True
districts\nyc-district-14-williamsburg\partners.html,True,True,True,True,True
districts\nyc-district-14-williamsburg\special-ed-updates.html,True,True,True,True,True
districts\nyc-district-15-park-slope\cse-meeting-guide.html,True,True,True,True,True
districts\nyc-district-15-park-slope\discipline-rights.html,True,True,True,True,True
districts\nyc-district-15-park-slope\evaluation-process.html,True,True,True,True,True
districts\nyc-district-15-park-slope\index.html,True,True,True,True,True
districts\nyc-district-15-park-slope\leadership-directory.html,True,True,True,True,True
districts\nyc-district-15-park-slope\parent-advocacy-guide.html,True,True,True,True,True
districts\nyc-district-15-park-slope\partners.html,True,True,True,True,True
districts\nyc-district-15-park-slope\special-ed-updates.html,True,True,True,True,True
districts\nyc-district-16-bed-stuy\cse-meeting-guide.html,True,True,True,True,True
districts\nyc-district-16-bed-stuy\discipline-rights.html,True,True,True,True,True
districts\nyc-district-16-bed-stuy\evaluation-process.html,True,True,True,True,True
districts\nyc-district-16-bed-stuy\index.html,True,True,True,True,True
districts\nyc-district-16-bed-stuy\leadership-directory.html,True,True,True,True,True
districts\nyc-district-16-bed-stuy\parent-advocacy-guide.html,True,True,True,True,True
districts\nyc-district-16-bed-stuy\partners.html,True,True,True,True,True
districts\nyc-district-16-bed-stuy\special-ed-updates.html,True,True,True,True,True
districts\nyc-district-17-crown-heights\cse-meeting-guide.html,True,True,True,True,True
districts\nyc-district-17-crown-heights\discipline-rights.html,True,True,True,True,True
districts\nyc-district-17-crown-heights\evaluation-process.html,True,True,True,True,True
districts\nyc-district-17-crown-heights\index.html,True,True,True,True,True
districts\nyc-district-17-crown-heights\leadership-directory.html,True,True,True,True,True
districts\nyc-district-17-crown-heights\parent-advocacy-guide.html,True,True,True,True,True
districts\nyc-district-17-crown-heights\partners.html,True,True,True,True,True
districts\nyc-district-17-crown-heights\special-ed-updates.html,True,True,True,True,True
districts\nyc-district-18-east-flatbush\cse-meeting-guide.html,True,True,True,True,True
districts\nyc-district-18-east-flatbush\discipline-rights.html,True,True,True,True,True
districts\nyc-district-18-east-flatbush\evaluation-process.html,True,True,True,True,True
districts\nyc-district-18-east-flatbush\index.html,True,True,True,True,True
districts\nyc-district-18-east-flatbush\leadership-directory.html,True,True,True,True,True
districts\nyc-district-18-east-flatbush\parent-advocacy-guide.html,True,True,True,True,True
districts\nyc-district-18-east-flatbush\partners.html,True,True,True,True,True
districts\nyc-district-18-east-flatbush\special-ed-updates.html,True,True,True,True,True
districts\nyc-district-19-east-new-york\cse-meeting-guide.html,True,True,True,True,True
districts\nyc-district-19-east-new-york\discipline-rights.html,True,True,True,True,True
districts\nyc-district-19-east-new-york\evaluation-process.html,True,True,True,True,True
districts\nyc-district-19-east-new-york\index.html,True,True,True,True,True
districts\nyc-district-19-east-new-york\leadership-directory.html,True,True,True,True,True
districts\nyc-district-19-east-new-york\parent-advocacy-guide.html,True,True,True,True,True
districts\nyc-district-19-east-new-york\partners.html,True,True,True,True,True
districts\nyc-district-19-east-new-york\special-ed-updates.html,True,True,True,True,True
districts\nyc-district-20-bay-ridge\cse-meeting-guide.html,True,True,True,True,True
districts\nyc-district-20-bay-ridge\discipline-rights.html,True,True,True,True,True
districts\nyc-district-20-bay-ridge\evaluation-process.html,True,True,True,True,True
districts\nyc-district-20-bay-ridge\index.html,True,True,True,True,True
districts\nyc-district-20-bay-ridge\leadership-directory.html,True,True,True,True,True
districts\nyc-district-20-bay-ridge\parent-advocacy-guide.html,True,True,True,True,True
districts\nyc-district-20-bay-ridge\partners.html,True,True,True,True,True
districts\nyc-district-20-bay-ridge\special-ed-updates.html,True,True,True,True,True
districts\nyc-district-21-coney-island\cse-meeting-guide.html,True,True,True,True,True
districts\nyc-district-21-coney-island\discipline-rights.html,True,True,True,True,True
districts\nyc-district-21-coney-island\evaluation-process.html,True,True,True,True,True
districts\nyc-district-21-coney-island\index.html,True,True,True,True,True
districts\nyc-district-21-coney-island\leadership-directory.html,True,True,True,True,True
districts\nyc-district-21-coney-island\parent-advocacy-guide.html,True,True,True,True,True
districts\nyc-district-21-coney-island\partners.html,True,True,True,True,True
districts\nyc-district-21-coney-island\special-ed-updates.html,True,True,True,True,True
districts\nyc-district-22-midwood\cse-meeting-guide.html,True,True,True,True,True
districts\nyc-district-22-midwood\discipline-rights.html,True,True,True,True,True
districts\nyc-district-22-midwood\evaluation-process.html,True,True,True,True,True
districts\nyc-district-22-midwood\index.html,True,True,True,True,True
districts\nyc-district-22-midwood\leadership-directory.html,True,True,True,True,True
districts\nyc-district-22-midwood\parent-advocacy-guide.html,True,True,True,True,True
districts\nyc-district-22-midwood\partners.html,True,True,True,True,True
districts\nyc-district-22-midwood\special-ed-updates.html,True,True,True,True,True
districts\nyc-district-23-brownsville\cse-meeting-guide.html,True,True,True,True,True
districts\nyc-district-23-brownsville\discipline-rights.html,True,True,True,True,True
districts\nyc-district-23-brownsville\evaluation-process.html,True,True,True,True,True
districts\nyc-district-23-brownsville\index.html,True,True,True,True,True
districts\nyc-district-23-brownsville\leadership-directory.html,True,True,True,True,True
districts\nyc-district-23-brownsville\parent-advocacy-guide.html,True,True,True,True,True
districts\nyc-district-23-brownsville\partners.html,True,True,True,True,True
districts\nyc-district-23-brownsville\special-ed-updates.html,True,True,True,True,True
districts\nyc-district-24-maspeth\cse-meeting-guide.html,True,True,True,True,True
districts\nyc-district-24-maspeth\discipline-rights.html,True,True,True,True,True
districts\nyc-district-24-maspeth\evaluation-process.html,True,True,True,True,True
districts\nyc-district-24-maspeth\index.html,True,True,True,True,True
districts\nyc-district-24-maspeth\leadership-directory.html,True,True,True,True,True
districts\nyc-district-24-maspeth\parent-advocacy-guide.html,True,True,True,True,True
districts\nyc-district-24-maspeth\partners.html,True,True,True,True,True
districts\nyc-district-24-maspeth\special-ed-updates.html,True,True,True,True,True
districts\nyc-district-25-flushing\cse-meeting-guide.html,True,True,True,True,True
districts\nyc-district-25-flushing\discipline-rights.html,True,True,True,True,True
districts\nyc-district-25-flushing\evaluation-process.html,True,True,True,True,True
districts\nyc-district-25-flushing\index.html,True,True,True,True,True
districts\nyc-district-25-flushing\leadership-directory.html,True,True,True,True,True
districts\nyc-district-25-flushing\parent-advocacy-guide.html,True,True,True,True,True
districts\nyc-district-25-flushing\partners.html,True,True,True,True,True
districts\nyc-district-25-flushing\special-ed-updates.html,True,True,True,True,True
districts\nyc-district-26-bayside\cse-meeting-guide.html,True,True,True,True,True
districts\nyc-district-26-bayside\discipline-rights.html,True,True,True,True,True
districts\nyc-district-26-bayside\evaluation-process.html,True,True,True,True,True
districts\nyc-district-26-bayside\index.html,True,True,True,True,True
districts\nyc-district-26-bayside\leadership-directory.html,True,True,True,True,True
districts\nyc-district-26-bayside\parent-advocacy-guide.html,True,True,True,True,True
districts\nyc-district-26-bayside\partners.html,True,True,True,True,True
districts\nyc-district-26-bayside\special-ed-updates.html,True,True,True,True,True
districts\nyc-district-27-rockaway\cse-meeting-guide.html,True,True,True,True,True
districts\nyc-district-27-rockaway\discipline-rights.html,True,True,True,True,True
districts\nyc-district-27-rockaway\evaluation-process.html,True,True,True,True,True
districts\nyc-district-27-rockaway\index.html,True,True,True,True,True
districts\nyc-district-27-rockaway\leadership-directory.html,True,True,True,True,True
districts\nyc-district-27-rockaway\parent-advocacy-guide.html,True,True,True,True,True
districts\nyc-district-27-rockaway\partners.html,True,True,True,True,True
districts\nyc-district-27-rockaway\special-ed-updates.html,True,True,True,True,True
districts\nyc-district-28-forest-hills\cse-meeting-guide.html,True,True,True,True,True
districts\nyc-district-28-forest-hills\discipline-rights.html,True,True,True,True,True
districts\nyc-district-28-forest-hills\evaluation-process.html,True,True,True,True,True
districts\nyc-district-28-forest-hills\index.html,True,True,True,True,True
districts\nyc-district-28-forest-hills\leadership-directory.html,True,True,True,True,True
districts\nyc-district-28-forest-hills\parent-advocacy-guide.html,True,True,True,True,True
districts\nyc-district-28-forest-hills\partners.html,True,True,True,True,True
districts\nyc-district-28-forest-hills\special-ed-updates.html,True,True,True,True,True
districts\nyc-district-29-queens-village\cse-meeting-guide.html,True,True,True,True,True
districts\nyc-district-29-queens-village\discipline-rights.html,True,True,True,True,True
districts\nyc-district-29-queens-village\evaluation-process.html,True,True,True,True,True
districts\nyc-district-29-queens-village\index.html,True,True,True,True,True
districts\nyc-district-29-queens-village\leadership-directory.html,True,True,True,True,True
districts\nyc-district-29-queens-village\parent-advocacy-guide.html,True,True,True,True,True
districts\nyc-district-29-queens-village\partners.html,True,True,True,True,True
districts\nyc-district-29-queens-village\special-ed-updates.html,True,True,True,True,True
districts\nyc-district-30-astoria\cse-meeting-guide.html,True,True,True,True,True
districts\nyc-district-30-astoria\discipline-rights.html,True,True,True,True,True
districts\nyc-district-30-astoria\evaluation-process.html,True,True,True,True,True
districts\nyc-district-30-astoria\index.html,True,True,True,True,True
districts\nyc-district-30-astoria\leadership-directory.html,True,True,True,True,True
districts\nyc-district-30-astoria\parent-advocacy-guide.html,True,True,True,True,True
districts\nyc-district-30-astoria\partners.html,True,True,True,True,True
districts\nyc-district-30-astoria\special-ed-updates.html,True,True,True,True,True
districts\nyc-district-31-staten-island\cse-meeting-guide.html,True,True,True,True,True
districts\nyc-district-31-staten-island\discipline-rights.html,True,True,True,True,True
districts\nyc-district-31-staten-island\evaluation-process.html,True,True,True,True,True
districts\nyc-district-31-staten-island\index.html,True,True,True,True,True
districts\nyc-district-31-staten-island\leadership-directory.html,True,True,True,True,True
districts\nyc-district-31-staten-island\parent-advocacy-guide.html,True,True,True,True,True
districts\nyc-district-31-staten-island\partners.html,True,True,True,True,True
districts\nyc-district-31-staten-island\special-ed-updates.html,True,True,True,True,True
districts\nyc-district-32-bushwick\cse-meeting-guide.html,True,True,True,True,True
districts\nyc-district-32-bushwick\discipline-rights.html,True,True,True,True,True
districts\nyc-district-32-bushwick\evaluation-process.html,True,True,True,True,True
districts\nyc-district-32-bushwick\index.html,True,True,True,True,True
districts\nyc-district-32-bushwick\leadership-directory.html,True,True,True,True,True
districts\nyc-district-32-bushwick\parent-advocacy-guide.html,True,True,True,True,True
districts\nyc-district-32-bushwick\partners.html,True,True,True,True,True
districts\nyc-district-32-bushwick\special-ed-updates.html,True,True,True,True,True
districts\nyc-district-75\cse-meeting-guide.html,True,True,True,True,True
districts\nyc-district-75\discipline-rights.html,True,True,True,True,True
districts\nyc-district-75\evaluation-process.html,True,True,True,True,True
districts\nyc-district-75\index.html,True,True,True,True,True
districts\nyc-district-75\leadership-directory.html,True,True,True,True,True
districts\nyc-district-75\parent-advocacy-guide.html,True,True,True,True,True
districts\nyc-district-75\partners.html,True,True,True,True,True
districts\nyc-district-75\special-ed-updates.html,True,True,True,True,True
districts\nyc-district-79\cse-meeting-guide.html,True,True,True,True,True
districts\nyc-district-79\discipline-rights.html,True,True,True,True,True
districts\nyc-district-79\evaluation-process.html,True,True,True,True,True
districts\nyc-district-79\index.html,True,True,True,True,True
districts\nyc-district-79\leadership-directory.html,True,True,True,True,True
districts\nyc-district-79\parent-advocacy-guide.html,True,True,True,True,True
districts\nyc-district-79\partners.html,True,True,True,True,True
districts\nyc-district-79\special-ed-updates.html,True,True,True,True,True
districts\nys-overview\index.html,True,True,True,True,True
districts\nys-overview\partners.html,True,True,True,True,True
districts\patchogue-medford-ufsd\cse-meeting-guide.html,True,True,True,True,True
districts\patchogue-medford-ufsd\discipline-rights.html,True,True,True,True,True
districts\patchogue-medford-ufsd\index.html,True,True,True,True,True
districts\patchogue-medford-ufsd\leadership-directory.html,True,True,True,True,True
districts\patchogue-medford-ufsd\parent-advocacy-guide.html,True,True,True,True,True
districts\patchogue-medford-ufsd\partners.html,True,True,True,True,True
districts\patchogue-medford-ufsd\special-ed-updates.html,True,True,True,True,True
districts\poughkeepsie-city-sd\cse-meeting-guide.html,True,True,True,True,True
districts\poughkeepsie-city-sd\discipline-rights.html,True,True,True,True,True
districts\poughkeepsie-city-sd\evaluation-process.html,True,True,True,True,True
districts\poughkeepsie-city-sd\index.html,True,True,True,True,True
districts\poughkeepsie-city-sd\leadership-directory.html,True,True,True,True,True
districts\poughkeepsie-city-sd\parent-advocacy-guide.html,True,True,True,True,True
districts\poughkeepsie-city-sd\partners.html,True,True,True,True,True
districts\poughkeepsie-city-sd\special-ed-updates.html,True,True,True,True,True
districts\rochester-city-sd\cse-meeting-guide.html,True,True,True,True,True
districts\rochester-city-sd\discipline-rights.html,True,True,True,True,True
districts\rochester-city-sd\evaluation-process.html,True,True,True,True,True
districts\rochester-city-sd\index.html,True,True,True,True,True
districts\rochester-city-sd\leadership-directory.html,True,True,True,True,True
districts\rochester-city-sd\parent-advocacy-guide.html,True,True,True,True,True
districts\rochester-city-sd\partners.html,True,True,True,True,True
districts\rochester-city-sd\special-ed-updates.html,True,True,True,True,True
districts\sachem-csd\cse-meeting-guide.html,True,True,True,True,True
districts\sachem-csd\discipline-rights.html,True,True,True,True,True
districts\sachem-csd\evaluation-process.html,True,True,True,True,True
districts\sachem-csd\index.html,True,True,True,True,True
districts\sachem-csd\leadership-directory.html,True,True,True,True,True
districts\sachem-csd\parent-advocacy-guide.html,True,True,True,True,True
districts\sachem-csd\partners.html,True,True,True,True,True
districts\sachem-csd\special-ed-updates.html,True,True,True,True,True
districts\schenectady-city-sd\cse-meeting-guide.html,True,True,True,True,True
districts\schenectady-city-sd\discipline-rights.html,True,True,True,True,True
districts\schenectady-city-sd\evaluation-process.html,True,True,True,True,True
districts\schenectady-city-sd\index.html,True,True,True,True,True
districts\schenectady-city-sd\leadership-directory.html,True,True,True,True,True
districts\schenectady-city-sd\parent-advocacy-guide.html,True,True,True,True,True
districts\schenectady-city-sd\partners.html,True,True,True,True,True
districts\schenectady-city-sd\special-ed-updates.html,True,True,True,True,True
districts\syracuse-city-sd\cse-meeting-guide.html,True,True,True,True,True
districts\syracuse-city-sd\discipline-rights.html,True,True,True,True,True
districts\syracuse-city-sd\evaluation-process.html,True,True,True,True,True
districts\syracuse-city-sd\index.html,True,True,True,True,True
districts\syracuse-city-sd\leadership-directory.html,True,True,True,True,True
districts\syracuse-city-sd\parent-advocacy-guide.html,True,True,True,True,True
districts\syracuse-city-sd\partners.html,True,True,True,True,True
districts\syracuse-city-sd\special-ed-updates.html,True,True,True,True,True
districts\utica-city-sd\cse-meeting-guide.html,True,True,True,True,True
districts\utica-city-sd\discipline-rights.html,True,True,True,True,True
districts\utica-city-sd\evaluation-process.html,True,True,True,True,True
districts\utica-city-sd\index.html,True,True,True,True,True
districts\utica-city-sd\leadership-directory.html,True,True,True,True,True
districts\utica-city-sd\parent-advocacy-guide.html,True,True,True,True,True
districts\utica-city-sd\partners.html,True,True,True,True,True
districts\utica-city-sd\special-ed-updates.html,True,True,True,True,True
districts\white-plains-city-sd\cse-meeting-guide.html,True,True,True,True,True
districts\white-plains-city-sd\discipline-rights.html,True,True,True,True,True
districts\white-plains-city-sd\evaluation-process.html,True,True,True,True,True
districts\white-plains-city-sd\index.html,True,True,True,True,True
districts\white-plains-city-sd\leadership-directory.html,True,True,True,True,True
districts\white-plains-city-sd\parent-advocacy-guide.html,True,True,True,True,True
districts\white-plains-city-sd\partners.html,True,True,True,True,True
districts\white-plains-city-sd\special-ed-updates.html,True,True,True,True,True
districts\william-floyd-ufsd\cse-meeting-guide.html,True,True,True,True,True
districts\william-floyd-ufsd\discipline-rights.html,True,True,True,True,True
districts\william-floyd-ufsd\evaluation-process.html,True,True,True,True,True
districts\william-floyd-ufsd\index.html,True,True,True,True,True
districts\william-floyd-ufsd\leadership-directory.html,True,True,True,True,True
districts\william-floyd-ufsd\parent-advocacy-guide.html,True,True,True,True,True
districts\william-floyd-ufsd\partners.html,True,True,True,True,True
districts\william-floyd-ufsd\special-ed-updates.html,True,True,True,True,True
districts\yonkers-city-sd\cse-meeting-guide.html,True,True,True,True,True
districts\yonkers-city-sd\discipline-rights.html,True,True,True,True,True
districts\yonkers-city-sd\evaluation-process.html,True,True,True,True,True
districts\yonkers-city-sd\index.html,True,True,True,True,True
districts\yonkers-city-sd\leadership-directory.html,True,True,True,True,True
districts\yonkers-city-sd\parent-advocacy-guide.html,True,True,True,True,True
districts\yonkers-city-sd\partners.html,True,True,True,True,True
districts\yonkers-city-sd\special-ed-updates.html,True,True,True,True,True
guides\index.html,True,True,True,True,True
guides\bilingual-iep-new-york\index.html,True,True,True,True,True
guides\carter-cases-private-placement\index.html,True,True,True,True,True
guides\cpse-preschool-special-education\index.html,True,True,True,True,True
guides\cse-meeting-guide\index.html,True,True,True,True,True
guides\dispute-resolution-ny\index.html,True,True,True,True,True
guides\evaluation-request-ny\index.html,True,True,True,True,True
privacy-policy\index.html,True,False,True,True,True
resources\index.html,True,True,True,True,True
shop\shop\index.html,True,True,True,True,True
